time,q1,q2,q3,q4,q5,q6,q7,dq1,dq2,dq3,dq4,dq5,dq6,dq7,ddq1,ddq2,ddq3,ddq4,ddq5,ddq6,ddq7
0.0,0.0,0.0,0.0,-1.44,0.0,1.5,0.9,0.11666666666666665,-0.15,0.08333333333333333,-0.13666666666666671,0.06666666666666667,0.14999999999999997,-0.11666666666666665,0.0,0.0,0.0,0.0,0.0,0.0,0.0
0.01,0.0011666666666666668,-0.0015,0.0008333333333333334,-1.4413666666666667,0.0006666666666666668,1.5015,0.8988333333333334,0.11666666666666665,-0.15,0.08333333333333333,-0.13666666666666671,0.06666666666666667,0.14999999999999997,-0.11666666666666665,0.0,0.0,0.0,0.0,0.0,0.0,0.0
0.02,0.0023333333333333335,-0.003,0.0016666666666666668,-1.4427333333333332,0.0013333333333333335,1.503,0.8976666666666667,0.11666666666666665,-0.15,0.08333333333333333,-0.13666666666666671,0.06666666666666667,0.14999999999999997,-0.11666666666666665,0.0,0.0,0.0,0.0,0.0,0.0,0.0
0.03,0.0034999999999999996,-0.0045000000000000005,0.0025,-1.4441,0.002,1.5045,0.8965000000000001,0.11666666666666665,-0.15,0.08333333333333333,-0.13666666666666671,0.06666666666666667,0.14999999999999997,-0.11666666666666665,0.0,0.0,0.0,0.0,0.0,0.0,0.0
0.04,0.004666666666666667,-0.006,0.0033333333333333335,-1.4454666666666667,0.002666666666666667,1.506,0.8953333333333333,0.11666666666666665,-0.15,0.08333333333333333,-0.13666666666666671,0.06666666666666667,0.14999999999999997,-0.11666666666666665,0.0,0.0,0.0,0.0,0.0,0.0,0.0
0.05,0.005833333333333333,-0.0075,0.004166666666666667,-1.4468333333333332,0.0033333333333333335,1.5075,0.8941666666666667,0.11666666666666665,-0.15,0.08333333333333333,-0.13666666666666671,0.06666666666666667,0.14999999999999997,-0.11666666666666665,0.0,0.0,0.0,0.0,0.0,0.0,0.0
0.06,0.006999999999999999,-0.009000000000000001,0.005,-1.4482,0.004,1.509,0.893,0.11666666666666665,-0.15,0.08333333333333333,-0.13666666666666671,0.06666666666666667,0.14999999999999997,-0.11666666666666665,0.0,0.0,0.0,0.0,0.0,0.0,0.0
0.07,0.008166666666666666,-0.0105,0.005833333333333334,-1.4495666666666667,0.004666666666666667,1.5105,0.8918333333333334,0.11666666666666665,-0.15,0.08333333333333333,-0.13666666666666671,0.06666666666666667,0.14999999999999997,-0.11666666666666665,0.0,0.0,0.0,0.0,0.0,0.0,0.0
0.08,0.009333333333333334,-0.012,0.006666666666666667,-1.4509333333333332,0.005333333333333334,1.512,0.8906666666666667,0.11666666666666665,-0.15,0.08333333333333333,-0.13666666666666671,0.06666666666666667,0.14999999999999997,-0.11666666666666665,0.0,0.0,0.0,0.0,0.0,0.0,0.0
0.09,0.010499999999999999,-0.0135,0.0075,-1.4523,0.006,1.5135,0.8895000000000001,0.11666666666666665,-0.15,0.08333333333333333,-0.13666666666666671,0.06666666666666667,0.14999999999999997,-0.11666666666666665,0.0,0.0,0.0,0.0,0.0,0.0,0.0
0.1,0.011666666666666665,-0.015,0.008333333333333333,-1.4536666666666667,0.006666666666666667,1.515,0.8883333333333333,0.11666666666666665,-0.15,0.08333333333333333,-0.13666666666666671,0.06666666666666667,0.14999999999999997,-0.11666666666666665,0.0,0.0,0.0,0.0,0.0,0.0,0.0
0.11,0.012833333333333332,-0.0165,0.009166666666666667,-1.4550333333333332,0.007333333333333334,1.5165,0.8871666666666667,0.11666666666666665,-0.15,0.08333333333333333,-0.13666666666666671,0.06666666666666667,0.14999999999999997,-0.11666666666666665,0.0,0.0,0.0,0.0,0.0,0.0,0.0
0.12,0.013999999999999999,-0.018000000000000002,0.01,-1.4564,0.008,1.518,0.886,0.11666666666666665,-0.15,0.08333333333333333,-0.13666666666666671,0.06666666666666667,0.14999999999999997,-0.11666666666666665,0.0,0.0,0.0,0.0,0.0,0.0,0.0
0.13,0.015166666666666667,-0.0195,0.010833333333333334,-1.4577666666666667,0.008666666666666668,1.5195,0.8848333333333334,0.11666666666666665,-0.15,0.08333333333333333,-0.13666666666666671,0.06666666666666667,0.14999999999999997,-0.11666666666666665,0.0,0.0,0.0,0.0,0.0,0.0,0.0
0.14,0.01633333333333333,-0.021,0.011666666666666667,-1.4591333333333334,0.009333333333333334,1.521,0.8836666666666667,0.11666666666666665,-0.15,0.08333333333333333,-0.13666666666666671,0.06666666666666667,0.14999999999999997,-0.11666666666666665,0.0,0.0,0.0,0.0,0.0,0.0,0.0
0.15,0.017499999999999998,-0.0225,0.012499999999999999,-1.4605,0.01,1.5225,0.8825000000000001,0.11666666666666665,-0.15,0.08333333333333333,-0.13666666666666671,0.06666666666666667,0.14999999999999997,-0.11666666666666665,0.0,0.0,0.0,0.0,0.0,0.0,0.0
0.16,0.018666666666666668,-0.024,0.013333333333333334,-1.4618666666666666,0.010666666666666668,1.524,0.8813333333333333,0.11666666666666665,-0.15,0.08333333333333333,-0.13666666666666671,0.06666666666666667,0.14999999999999997,-0.11666666666666665,0.0,0.0,0.0,0.0,0.0,0.0,0.0
0.17,0.019833333333333335,-0.025500000000000002,0.014166666666666668,-1.4632333333333334,0.011333333333333334,1.5255,0.8801666666666667,0.11666666666666665,-0.15,0.08333333333333333,-0.13666666666666671,0.06666666666666667,0.14999999999999997,-0.11666666666666665,0.0,0.0,0.0,0.0,0.0,0.0,0.0
0.18,0.020999999999999998,-0.027,0.015,-1.4646,0.012,1.527,0.879,0.11666666666666665,-0.15,0.08333333333333333,-0.13666666666666671,0.06666666666666667,0.14999999999999997,-0.11666666666666665,0.0,0.0,0.0,0.0,0.0,0.0,0.0
0.19,0.022166666666666668,-0.028500000000000004,0.015833333333333335,-1.4659666666666666,0.012666666666666668,1.5285,0.8778333333333334,0.11666666666666665,-0.15,0.08333333333333333,-0.13666666666666671,0.06666666666666667,0.14999999999999997,-0.11666666666666665,0.0,0.0,0.0,0.0,0.0,0.0,0.0
0.2,0.02333333333333333,-0.03,0.016666666666666666,-1.4673333333333334,0.013333333333333334,1.53,0.8766666666666667,0.11666666666666665,-0.15,0.08333333333333333,-0.13666666666666671,0.06666666666666667,0.14999999999999997,-0.11666666666666665,0.0,0.0,0.0,0.0,0.0,0.0,0.0
0.21,0.024499999999999997,-0.0315,0.017499999999999998,-1.4687,0.013999999999999999,1.5315,0.8755000000000001,0.11666666666666665,-0.15,0.08333333333333333,-0.13666666666666671,0.06666666666666667,0.14999999999999997,-0.11666666666666665,0.0,0.0,0.0,0.0,0.0,0.0,0.0
0.22,0.025666666666666664,-0.033,0.018333333333333333,-1.4700666666666666,0.014666666666666668,1.533,0.8743333333333334,0.11666666666666665,-0.15,0.08333333333333333,-0.13666666666666671,0.06666666666666667,0.14999999999999997,-0.11666666666666665,0.0,0.0,0.0,0.0,0.0,0.0,0.0
0.23,0.026833333333333334,-0.0345,0.01916666666666667,-1.4714333333333334,0.015333333333333336,1.5345,0.8731666666666666,0.11666666666666665,-0.15,0.08333333333333333,-0.13666666666666671,0.06666666666666667,0.14999999999999997,-0.11666666666666665,0.0,0.0,0.0,0.0,0.0,0.0,0.0
0.24,0.027999999999999997,-0.036000000000000004,0.02,-1.4727999999999999,0.016,1.536,0.872,0.11666666666666665,-0.15,0.08333333333333333,-0.13666666666666671,0.06666666666666667,0.14999999999999997,-0.11666666666666665,0.0,0.0,0.0,0.0,0.0,0.0,0.0
0.25,0.029166666666666664,-0.0375,0.020833333333333332,-1.4741666666666666,0.016666666666666666,1.5375,0.8708333333333333,0.11666666666666665,-0.15,0.08333333333333333,-0.13666666666666671,0.06666666666666667,0.14999999999999997,-0.11666666666666665,0.0,0.0,0.0,0.0,0.0,0.0,0.0
0.26,0.030333333333333334,-0.039,0.021666666666666667,-1.4755333333333334,0.017333333333333336,1.539,0.8696666666666667,0.11666666666666665,-0.15,0.08333333333333333,-0.13666666666666671,0.06666666666666667,0.14999999999999997,-0.11666666666666665,0.0,0.0,0.0,0.0,0.0,0.0,0.0
0.27,0.0315,-0.04050000000000001,0.022500000000000003,-1.4768999999999999,0.018000000000000002,1.5405,0.8685,0.11666666666666665,-0.15,0.08333333333333333,-0.13666666666666671,0.06666666666666667,0.14999999999999997,-0.11666666666666665,0.0,0.0,0.0,0.0,0.0,0.0,0.0
0.28,0.03266666666666666,-0.042,0.023333333333333334,-1.4782666666666666,0.018666666666666668,1.542,0.8673333333333334,0.11666666666666665,-0.15,0.08333333333333333,-0.13666666666666671,0.06666666666666667,0.14999999999999997,-0.11666666666666665,0.0,0.0,0.0,0.0,0.0,0.0,0.0
0.29,0.03383333333333333,-0.0435,0.024166666666666666,-1.4796333333333334,0.019333333333333334,1.5435,0.8661666666666666,0.11666666666666665,-0.15,0.08333333333333333,-0.13666666666666671,0.06666666666666667,0.14999999999999997,-0.11666666666666665,0.0,0.0,0.0,0.0,0.0,0.0,0.0
0.3,0.034999999999999996,-0.045,0.024999999999999998,-1.4809999999999999,0.02,1.545,0.865,0.11666666666666665,-0.15,0.08333333333333333,-0.13666666666666671,0.06666666666666667,0.14999999999999997,-0.11666666666666665,0.0,0.0,0.0,0.0,0.0,0.0,0.0
0.31,0.036166666666666666,-0.0465,0.025833333333333333,-1.4823666666666666,0.020666666666666667,1.5465,0.8638333333333333,0.11666666666666665,-0.15,0.08333333333333333,-0.13666666666666671,0.06666666666666667,0.14999999999999997,-0.11666666666666665,0.0,0.0,0.0,0.0,0.0,0.0,0.0
0.32,0.037333333333333336,-0.048,0.02666666666666667,-1.4837333333333333,0.021333333333333336,1.548,0.8626666666666667,0.11666666666666665,-0.15,0.08333333333333333,-0.13666666666666671,0.06666666666666667,0.14999999999999997,-0.11666666666666665,0.0,0.0,0.0,0.0,0.0,0.0,0.0
0.33,0.0385,-0.0495,0.0275,-1.4850999999999999,0.022000000000000002,1.5495,0.8615,0.11666666666666665,-0.15,0.08333333333333333,-0.13666666666666671,0.06666666666666667,0.14999999999999997,-0.11666666666666665,0.0,0.0,0.0,0.0,0.0,0.0,0.0
0.34,0.03966666666666667,-0.051000000000000004,0.028333333333333335,-1.4864666666666666,0.02266666666666667,1.551,0.8603333333333334,0.11666666666666665,-0.15,0.08333333333333333,-0.13666666666666671,0.06666666666666667,0.14999999999999997,-0.11666666666666665,0.0,0.0,0.0,0.0,0.0,0.0,0.0
0.35000000000000003,0.04083333333333334,-0.052500000000000005,0.02916666666666667,-1.4878333333333333,0.023333333333333338,1.5525,0.8591666666666666,0.11666666666666665,-0.15,0.08333333333333333,-0.13666666666666671,0.06666666666666667,0.14999999999999997,-0.11666666666666665,0.0,0.0,0.0,0.0,0.0,0.0,0.0
0.36,0.041999999999999996,-0.054,0.03,-1.4891999999999999,0.024,1.554,0.858,0.11666666666666665,-0.15,0.08333333333333333,-0.13666666666666671,0.06666666666666667,0.14999999999999997,-0.11666666666666665,0.0,0.0,0.0,0.0,0.0,0.0,0.0
0.37,0.043166666666666666,-0.0555,0.030833333333333334,-1.4905666666666666,0.02466666666666667,1.5554999999999999,0.8568333333333333,0.11666666666666665,-0.15,0.08333333333333333,-0.13666666666666671,0.06666666666666667,0.14999999999999997,-0.11666666666666665,0.0,0.0,0.0,0.0,0.0,0.0,0.0
0.38,0.044333333333333336,-0.05700000000000001,0.03166666666666667,-1.4919333333333333,0.025333333333333336,1.557,0.8556666666666667,0.11666666666666665,-0.15,0.08333333333333333,-0.13666666666666671,0.06666666666666667,0.14999999999999997,-0.11666666666666665,0.0,0.0,0.0,0.0,0.0,0.0,0.0
0.39,0.0455,-0.0585,0.0325,-1.4933,0.026000000000000002,1.5585,0.8545,0.11666666666666665,-0.15,0.08333333333333333,-0.13666666666666671,0.06666666666666667,0.14999999999999997,-0.11666666666666665,0.0,0.0,0.0,0.0,0.0,0.0,0.0
0.4,0.04666666666666666,-0.06,0.03333333333333333,-1.4946666666666666,0.02666666666666667,1.56,0.8533333333333334,0.11666666666666665,-0.15,0.08333333333333333,-0.13666666666666671,0.06666666666666667,0.14999999999999997,-0.11666666666666665,0.0,0.0,0.0,0.0,0.0,0.0,0.0
0.41000000000000003,0.04783333333333334,-0.06150000000000001,0.03416666666666667,-1.4960333333333333,0.027333333333333338,1.5615,0.8521666666666667,0.11666666666666665,-0.15,0.08333333333333333,-0.13666666666666671,0.06666666666666667,0.14999999999999997,-0.11666666666666665,0.0,0.0,0.0,0.0,0.0,0.0,0.0
0.42,0.048999999999999995,-0.063,0.034999999999999996,-1.4974,0.027999999999999997,1.563,0.851,0.11666666666666665,-0.15,0.08333333333333333,-0.13666666666666671,0.06666666666666667,0.14999999999999997,-0.11666666666666665,0.0,0.0,0.0,0.0,0.0,0.0,0.0
0.43,0.050166666666666665,-0.0645,0.035833333333333335,-1.4987666666666666,0.02866666666666667,1.5645,0.8498333333333333,0.11666666666666665,-0.15,0.08333333333333333,-0.13666666666666671,0.06666666666666667,0.14999999999999997,-0.11666666666666665,0.0,0.0,0.0,0.0,0.0,0.0,0.0
0.44,0.05133333333333333,-0.066,0.03666666666666667,-1.5001333333333333,0.029333333333333336,1.566,0.8486666666666667,0.11666666666666665,-0.15,0.08333333333333333,-0.13666666666666671,0.06666666666666667,0.14999999999999997,-0.11666666666666665,0.0,0.0,0.0,0.0,0.0,0.0,0.0
0.45,0.0525,-0.0675,0.0375,-1.5015,0.03,1.5675,0.8475,0.11666666666666665,-0.15,0.08333333333333333,-0.13666666666666671,0.06666666666666667,0.14999999999999997,-0.11666666666666665,0.0,0.0,0.0,0.0,0.0,0.0,0.0
0.46,0.05366666666666667,-0.069,0.03833333333333334,-1.5028666666666666,0.030666666666666672,1.569,0.8463333333333334,0.11666666666666665,-0.15,0.08333333333333333,-0.13666666666666671,0.06666666666666667,0.14999999999999997,-0.11666666666666665,0.0,0.0,0.0,0.0,0.0,0.0,0.0
0.47000000000000003,0.05483333333333333,-0.07050000000000001,0.03916666666666667,-1.5042333333333333,0.03133333333333334,1.5705,0.8451666666666667,0.11666666666666665,-0.15,0.08333333333333333,-0.13666666666666671,0.06666666666666667,0.14999999999999997,-0.11666666666666665,0.0,0.0,0.0,0.0,0.0,0.0,0.0
0.48,0.055999999999999994,-0.07200000000000001,0.04,-1.5056,0.032,1.572,0.8440000000000001,0.11666666666666665,-0.15,0.08333333333333333,-0.13666666666666671,0.06666666666666667,0.14999999999999997,-0.11666666666666665,0.0,0.0,0.0,0.0,0.0,0.0,0.0
0.49,0.057166666666666664,-0.0735,0.04083333333333333,-1.5069666666666666,0.03266666666666667,1.5735,0.8428333333333333,0.11666666666666665,-0.15,0.08333333333333333,-0.13666666666666671,0.06666666666666667,0.14999999999999997,-0.11666666666666665,0.0,0.0,0.0,0.0,0.0,0.0,0.0
0.5,0.05833333333333333,-0.075,0.041666666666666664,-1.5083333333333333,0.03333333333333333,1.575,0.8416666666666667,0.11666666666666665,-0.15,0.08333333333333333,-0.13666666666666671,0.06666666666666667,0.14999999999999997,-0.11666666666666665,0.0,0.0,0.0,0.0,0.0,0.0,0.0
0.51,0.0595,-0.07650000000000001,0.0425,-1.5097,0.034,1.5765,0.8405,0.11666666666666665,-0.15,0.08333333333333333,-0.13666666666666671,0.06666666666666667,0.14999999999999997,-0.11666666666666665,0.0,0.0,0.0,0.0,0.0,0.0,0.0
0.52,0.06066666666666667,-0.078,0.043333333333333335,-1.5110666666666666,0.03466666666666667,1.578,0.8393333333333334,0.11666666666666665,-0.15,0.08333333333333333,-0.13666666666666671,0.06666666666666667,0.14999999999999997,-0.11666666666666665,0.0,0.0,0.0,0.0,0.0,0.0,0.0
0.53,0.06183333333333333,-0.0795,0.04416666666666667,-1.5124333333333333,0.035333333333333335,1.5795,0.8381666666666667,0.11666666666666665,-0.15,0.08333333333333333,-0.13666666666666671,0.06666666666666667,0.14999999999999997,-0.11666666666666665,0.0,0.0,0.0,0.0,0.0,0.0,0.0
0.54,0.063,-0.08100000000000002,0.045000000000000005,-1.5138,0.036000000000000004,1.581,0.837,0.11666666666666665,-0.15,0.08333333333333333,-0.13666666666666671,0.06666666666666667,0.14999999999999997,-0.11666666666666665,0.0,0.0,0.0,0.0,0.0,0.0,0.0
0.55,0.06416666666666666,-0.0825,0.04583333333333334,-1.5151666666666666,0.036666666666666674,1.5825,0.8358333333333333,0.11666666666666665,-0.15,0.08333333333333333,-0.13666666666666671,0.06666666666666667,0.14999999999999997,-0.11666666666666665,0.0,0.0,0.0,0.0,0.0,0.0,0.0
0.56,0.06533333333333333,-0.084,0.04666666666666667,-1.5165333333333333,0.037333333333333336,1.584,0.8346666666666667,0.11666666666666665,-0.15,0.08333333333333333,-0.13666666666666671,0.06666666666666667,0.14999999999999997,-0.11666666666666665,0.0,0.0,0.0,0.0,0.0,0.0,0.0
0.5700000000000001,0.0665,-0.08550000000000002,0.04750000000000001,-1.5179,0.038000000000000006,1.5855,0.8335,0.11666666666666665,-0.15,0.08333333333333333,-0.13666666666666671,0.06666666666666667,0.14999999999999997,-0.11666666666666665,0.0,0.0,0.0,0.0,0.0,0.0,0.0
0.58,0.06766666666666667,-0.087,0.04833333333333333,-1.5192666666666665,0.03866666666666667,1.587,0.8323333333333334,0.11666666666666665,-0.15,0.08333333333333333,-0.13666666666666671,0.06666666666666667,0.14999999999999997,-0.11666666666666665,0.0,0.0,0.0,0.0,0.0,0.0,0.0
0.59,0.06883333333333333,-0.0885,0.049166666666666664,-1.5206333333333333,0.03933333333333333,1.5885,0.8311666666666667,0.11666666666666665,-0.15,0.08333333333333333,-0.13666666666666671,0.06666666666666667,0.14999999999999997,-0.11666666666666665,0.0,0.0,0.0,0.0,0.0,0.0,0.0
0.6,0.06999999999999999,-0.09,0.049999999999999996,-1.522,0.04,1.59,0.8300000000000001,0.11666666666666665,-0.15,0.08333333333333333,-0.13666666666666671,0.06666666666666667,0.14999999999999997,-0.11666666666666665,0.0,0.0,0.0,0.0,0.0,0.0,0.0
0.61,0.07116666666666667,-0.0915,0.050833333333333335,-1.5233666666666665,0.04066666666666667,1.5915,0.8288333333333333,0.11666666666666665,-0.15,0.08333333333333333,-0.13666666666666671,0.06666666666666667,0.14999999999999997,-0.11666666666666665,0.0,0.0,0.0,0.0,0.0,0.0,0.0
0.62,0.07233333333333333,-0.093,0.051666666666666666,-1.5247333333333333,0.04133333333333333,1.593,0.8276666666666667,0.11666666666666665,-0.15,0.08333333333333333,-0.13666666666666671,0.06666666666666667,0.14999999999999997,-0.11666666666666665,0.0,0.0,0.0,0.0,0.0,0.0,0.0
0.63,0.0735,-0.0945,0.0525,-1.5261,0.042,1.5945,0.8265,0.11666666666666665,-0.15,0.08333333333333333,-0.13666666666666671,0.06666666666666667,0.14999999999999997,-0.11666666666666665,0.0,0.0,0.0,0.0,0.0,0.0,0.0
0.64,0.07466666666666667,-0.096,0.05333333333333334,-1.5274666666666668,0.04266666666666667,1.596,0.8253333333333334,0.11666666666666665,-0.15,0.08333333333333333,-0.13666666666666671,0.06666666666666667,0.14999999999999997,-0.11666666666666665,0.0,0.0,0.0,0.0,0.0,0.0,0.0
0.65,0.07583333333333334,-0.0975,0.05416666666666667,-1.5288333333333333,0.043333333333333335,1.5975,0.8241666666666667,0.11666666666666665,-0.15,0.08333333333333333,-0.13666666666666671,0.06666666666666667,0.14999999999999997,-0.11666666666666665,0.0,0.0,0.0,0.0,0.0,0.0,0.0
0.66,0.077,-0.099,0.055,-1.5302,0.044000000000000004,1.599,0.8230000000000001,0.11666666666666665,-0.15,0.08333333333333333,-0.13666666666666671,0.06666666666666667,0.14999999999999997,-0.11666666666666665,0.0,0.0,0.0,0.0,0.0,0.0,0.0
0.67,0.07816666666666668,-0.1005,0.05583333333333334,-1.5315666666666667,0.044666666666666674,1.6005,0.8218333333333333,0.11666666666666665,-0.15,0.08333333333333333,-0.13666666666666671,0.06666666666666667,0.14999999999999997,-0.11666666666666665,0.0,0.0,0.0,0.0,0.0,0.0,0.0
0.68,0.07933333333333334,-0.10200000000000001,0.05666666666666667,-1.5329333333333333,0.04533333333333334,1.602,0.8206666666666667,0.11666666666666665,-0.15,0.08333333333333333,-0.13666666666666671,0.06666666666666667,0.14999999999999997,-0.11666666666666665,0.0,0.0,0.0,0.0,0.0,0.0,0.0
0.6900000000000001,0.0805,-0.10350000000000001,0.0575,-1.5343,0.046000000000000006,1.6035,0.8195,0.11666666666666665,-0.15,0.08333333333333333,-0.13666666666666671,0.06666666666666667,0.14999999999999997,-0.11666666666666665,0.0,0.0,0.0,0.0,0.0,0.0,0.0
0.7000000000000001,0.08166666666666668,-0.10500000000000001,0.05833333333333334,-1.5356666666666667,0.046666666666666676,1.605,0.8183333333333334,0.11666666666666665,-0.15,0.08333333333333333,-0.13666666666666671,0.06666666666666667,0.14999999999999997,-0.11666666666666665,0.0,0.0,0.0,0.0,0.0,0.0,0.0
0.71,0.08283333333333333,-0.1065,0.059166666666666666,-1.5370333333333333,0.04733333333333334,1.6065,0.8171666666666667,0.11666666666666665,-0.15,0.08333333333333333,-0.13666666666666671,0.06666666666666667,0.14999999999999997,-0.11666666666666665,0.0,0.0,0.0,0.0,0.0,0.0,0.0
0.72,0.08399999999999999,-0.108,0.06,-1.5384,0.048,1.608,0.8160000000000001,0.11666666666666665,-0.15,0.08333333333333333,-0.13666666666666671,0.06666666666666667,0.14999999999999997,-0.11666666666666665,0.0,0.0,0.0,0.0,0.0,0.0,0.0
0.73,0.08516666666666665,-0.1095,0.06083333333333333,-1.5397666666666667,0.048666666666666664,1.6095,0.8148333333333334,0.11666666666666665,-0.15,0.08333333333333333,-0.13666666666666671,0.06666666666666667,0.14999999999999997,-0.11666666666666665,0.0,0.0,0.0,0.0,0.0,0.0,0.0
0.74,0.08633333333333333,-0.111,0.06166666666666667,-1.5411333333333332,0.04933333333333334,1.611,0.8136666666666666,0.11666666666666665,-0.15,0.08333333333333333,-0.13666666666666671,0.06666666666666667,0.14999999999999997,-0.11666666666666665,0.0,0.0,0.0,0.0,0.0,0.0,0.0
0.75,0.0875,-0.1125,0.0625,-1.5425,0.05,1.6125,0.8125,0.11666666666666665,-0.15,0.08333333333333333,-0.13666666666666671,0.06666666666666667,0.14999999999999997,-0.11666666666666665,0.0,0.0,0.0,0.0,0.0,0.0,0.0
0.76,0.08866666666666667,-0.11400000000000002,0.06333333333333334,-1.5438666666666667,0.05066666666666667,1.614,0.8113333333333334,0.11666666666666665,-0.15,0.08333333333333333,-0.13666666666666671,0.06666666666666667,0.14999999999999997,-0.11666666666666665,0.0,0.0,0.0,0.0,0.0,0.0,0.0
0.77,0.08983333333333332,-0.11549999999999999,0.06416666666666666,-1.5452333333333332,0.051333333333333335,1.6155,0.8101666666666667,0.11666666666666665,-0.15,0.08333333333333333,-0.13666666666666671,0.06666666666666667,0.14999999999999997,-0.11666666666666665,0.0,0.0,0.0,0.0,0.0,0.0,0.0
0.78,0.091,-0.117,0.065,-1.5466,0.052000000000000005,1.617,0.809,0.11666666666666665,-0.15,0.08333333333333333,-0.13666666666666671,0.06666666666666667,0.14999999999999997,-0.11666666666666665,0.0,0.0,0.0,0.0,0.0,0.0,0.0
0.79,0.09216666666666667,-0.11850000000000002,0.06583333333333334,-1.5479666666666667,0.052666666666666674,1.6185,0.8078333333333334,0.11666666666666665,-0.15,0.08333333333333333,-0.13666666666666671,0.06666666666666667,0.14999999999999997,-0.11666666666666665,0.0,0.0,0.0,0.0,0.0,0.0,0.0
0.8,0.09333333333333332,-0.12,0.06666666666666667,-1.5493333333333332,0.05333333333333334,1.6199999999999999,0.8066666666666666,0.11666666666666665,-0.15,0.08333333333333333,-0.13666666666666671,0.06666666666666667,0.14999999999999997,-0.11666666666666665,0.0,0.0,0.0,0.0,0.0,0.0,0.0
0.81,0.0945,-0.12150000000000001,0.0675,-1.5507,0.054000000000000006,1.6215,0.8055,0.11666666666666665,-0.15,0.08333333333333333,-0.13666666666666671,0.06666666666666667,0.14999999999999997,-0.11666666666666665,0.0,0.0,0.0,0.0,0.0,0.0,0.0
0.8200000000000001,0.09566666666666668,-0.12300000000000003,0.06833333333333334,-1.5520666666666667,0.054666666666666676,1.623,0.8043333333333333,0.11666666666666665,-0.15,0.08333333333333333,-0.13666666666666671,0.06666666666666667,0.14999999999999997,-0.11666666666666665,0.0,0.0,0.0,0.0,0.0,0.0,0.0
0.8300000000000001,0.09683333333333333,-0.1245,0.06916666666666667,-1.5534333333333332,0.05533333333333334,1.6245,0.8031666666666667,0.11666666666666665,-0.15,0.08333333333333333,-0.13666666666666671,0.06666666666666667,0.14999999999999997,-0.11666666666666665,0.0,0.0,0.0,0.0,0.0,0.0,0.0
0.84,0.09799999999999999,-0.126,0.06999999999999999,-1.5548,0.055999999999999994,1.626,0.802,0.11666666666666665,-0.15,0.08333333333333333,-0.13666666666666671,0.06666666666666667,0.14999999999999997,-0.11666666666666665,0.0,0.0,0.0,0.0,0.0,0.0,0.0
0.85,0.09916666666666665,-0.1275,0.07083333333333333,-1.5561666666666667,0.05666666666666667,1.6275,0.8008333333333334,0.11666666666666665,-0.15,0.08333333333333333,-0.13666666666666671,0.06666666666666667,0.14999999999999997,-0.11666666666666665,0.0,0.0,0.0,0.0,0.0,0.0,0.0
0.86,0.10033333333333333,-0.129,0.07166666666666667,-1.5575333333333332,0.05733333333333334,1.629,0.7996666666666667,0.11666666666666665,-0.15,0.08333333333333333,-0.13666666666666671,0.06666666666666667,0.14999999999999997,-0.11666666666666665,0.0,0.0,0.0,0.0,0.0,0.0,0.0
0.87,0.10149999999999999,-0.1305,0.0725,-1.5589,0.057999999999999996,1.6305,0.7985,0.11666666666666665,-0.15,0.08333333333333333,-0.13666666666666671,0.06666666666666667,0.14999999999999997,-0.11666666666666665,0.0,0.0,0.0,0.0,0.0,0.0,0.0
0.88,0.10266666666666666,-0.132,0.07333333333333333,-1.5602666666666667,0.05866666666666667,1.632,0.7973333333333333,0.11666666666666665,-0.15,0.08333333333333333,-0.13666666666666671,0.06666666666666667,0.14999999999999997,-0.11666666666666665,0.0,0.0,0.0,0.0,0.0,0.0,0.0
0.89,0.10383333333333333,-0.1335,0.07416666666666667,-1.5616333333333334,0.05933333333333334,1.6335,0.7961666666666667,0.11666666666666665,-0.15,0.08333333333333333,-0.13666666666666671,0.06666666666666667,0.14999999999999997,-0.11666666666666665,0.0,0.0,0.0,0.0,0.0,0.0,0.0
0.9,0.105,-0.135,0.075,-1.563,0.06,1.635,0.795,0.11666666666666665,-0.15,0.08333333333333333,-0.13666666666666671,0.06666666666666667,0.14999999999999997,-0.11666666666666665,0.0,0.0,0.0,0.0,0.0,0.0,0.0
0.91,0.10616666666666666,-0.1365,0.07583333333333334,-1.5643666666666667,0.060666666666666674,1.6365,0.7938333333333334,0.11666666666666665,-0.15,0.08333333333333333,-0.13666666666666671,0.06666666666666667,0.14999999999999997,-0.11666666666666665,0.0,0.0,0.0,0.0,0.0,0.0,0.0
0.92,0.10733333333333334,-0.138,0.07666666666666667,-1.5657333333333334,0.061333333333333344,1.638,0.7926666666666666,0.11666666666666665,-0.15,0.08333333333333333,-0.13666666666666671,0.06666666666666667,0.14999999999999997,-0.11666666666666665,0.0,0.0,0.0,0.0,0.0,0.0,0.0
0.93,0.1085,-0.1395,0.0775,-1.5671,0.062,1.6395,0.7915,0.11666666666666665,-0.15,0.08333333333333333,-0.13666666666666671,0.06666666666666667,0.14999999999999997,-0.11666666666666665,0.0,0.0,0.0,0.0,0.0,0.0,0.0
0.9400000000000001,0.10966666666666666,-0.14100000000000001,0.07833333333333334,-1.5684666666666667,0.06266666666666668,1.641,0.7903333333333333,0.11666666666666665,-0.15,0.08333333333333333,-0.13666666666666671,0.06666666666666667,0.14999999999999997,-0.11666666666666665,0.0,0.0,0.0,0.0,0.0,0.0,0.0
0.9500000000000001,0.11083333333333334,-0.14250000000000002,0.07916666666666668,-1.5698333333333334,0.06333333333333334,1.6425,0.7891666666666667,0.11666666666666665,-0.15,0.08333333333333333,-0.13666666666666671,0.06666666666666667,0.14999999999999997,-0.11666666666666665,0.0,0.0,0.0,0.0,0.0,0.0,0.0
0.96,0.11199999999999999,-0.14400000000000002,0.08,-1.5712,0.064,1.644,0.788,0.11666666666666665,-0.15,0.08333333333333333,-0.13666666666666671,0.06666666666666667,0.14999999999999997,-0.11666666666666665,0.0,0.0,0.0,0.0,0.0,0.0,0.0
0.97,0.11316666666666665,-0.1455,0.08083333333333333,-1.5725666666666667,0.06466666666666666,1.6455,0.7868333333333334,0.11666666666666665,-0.15,0.08333333333333333,-0.13666666666666671,0.06666666666666667,0.14999999999999997,-0.11666666666666665,0.0,0.0,0.0,0.0,0.0,0.0,0.0
0.98,0.11433333333333333,-0.147,0.08166666666666667,-1.5739333333333334,0.06533333333333334,1.647,0.7856666666666667,0.11666666666666665,-0.15,0.08333333333333333,-0.13666666666666671,0.06666666666666667,0.14999999999999997,-0.11666666666666665,0.0,0.0,0.0,0.0,0.0,0.0,0.0
0.99,0.11549999999999999,-0.14850000000000002,0.0825,-1.5753,0.066,1.6485,0.7845,0.11666666666666665,-0.15,0.08333333333333333,-0.13666666666666671,0.06666666666666667,0.14999999999999997,-0.11666666666666665,0.0,0.0,0.0,0.0,0.0,0.0,0.0
1.0,0.11666666666666665,-0.15,0.08333333333333333,-1.5766666666666667,0.06666666666666667,1.65,0.7833333333333333,0.11666666666666665,-0.15,0.08333333333333333,-0.13666666666666671,0.06666666666666667,0.14999999999999997,-0.11666666666666665,0.0,0.0,0.0,0.0,0.0,0.0,0.0
1.01,0.11783333333333333,-0.1515,0.08416666666666667,-1.5780333333333334,0.06733333333333334,1.6515,0.7821666666666667,0.11666666666666665,-0.15,0.08333333333333333,-0.13666666666666671,0.06666666666666667,0.14999999999999997,-0.11666666666666665,0.0,0.0,0.0,0.0,0.0,0.0,0.0
1.02,0.119,-0.15300000000000002,0.085,-1.5794,0.068,1.653,0.781,0.11666666666666665,-0.15,0.08333333333333333,-0.13666666666666671,0.06666666666666667,0.14999999999999997,-0.11666666666666665,0.0,0.0,0.0,0.0,0.0,0.0,0.0
1.03,0.12016666666666666,-0.1545,0.08583333333333333,-1.5807666666666667,0.06866666666666667,1.6545,0.7798333333333334,0.11666666666666665,-0.15,0.08333333333333333,-0.13666666666666671,0.06666666666666667,0.14999999999999997,-0.11666666666666665,0.0,0.0,0.0,0.0,0.0,0.0,0.0
1.04,0.12133333333333333,-0.156,0.08666666666666667,-1.5821333333333334,0.06933333333333334,1.656,0.7786666666666667,0.11666666666666665,-0.15,0.08333333333333333,-0.13666666666666671,0.06666666666666667,0.14999999999999997,-0.11666666666666665,0.0,0.0,0.0,0.0,0.0,0.0,0.0
1.05,0.1225,-0.15750000000000003,0.08750000000000001,-1.5835,0.07,1.6575,0.7775000000000001,0.11666666666666665,-0.15,0.08333333333333333,-0.13666666666666671,0.06666666666666667,0.14999999999999997,-0.11666666666666665,0.0,0.0,0.0,0.0,0.0,0.0,0.0
1.06,0.12366666666666666,-0.159,0.08833333333333333,-1.5848666666666666,0.07066666666666667,1.659,0.7763333333333333,0.11666666666666665,-0.15,0.08333333333333333,-0.13666666666666671,0.06666666666666667,0.14999999999999997,-0.11666666666666665,0.0,0.0,0.0,0.0,0.0,0.0,0.0
1.07,0.12483333333333334,-0.1605,0.08916666666666667,-1.5862333333333334,0.07133333333333335,1.6605,0.7751666666666667,0.11666666666666665,-0.15,0.08333333333333333,-0.13666666666666671,0.06666666666666667,0.14999999999999997,-0.11666666666666665,0.0,0.0,0.0,0.0,0.0,0.0,0.0
1.08,0.126,-0.16200000000000003,0.09000000000000001,-1.5876000000000001,0.07200000000000001,1.662,0.774,0.11666666666666665,-0.15,0.08333333333333333,-0.13666666666666671,0.06666666666666667,0.14999999999999997,-0.11666666666666665,0.0,0.0,0.0,0.0,0.0,0.0,0.0
1.09,0.12716666666666665,-0.1635,0.09083333333333334,-1.5889666666666666,0.07266666666666667,1.6635,0.7728333333333334,0.11666666666666665,-0.15,0.08333333333333333,-0.13666666666666671,0.06666666666666667,0.14999999999999997,-0.11666666666666665,0.0,0.0,0.0,0.0,0.0,0.0,0.0
1.1,0.12833333333333333,-0.165,0.09166666666666667,-1.5903333333333334,0.07333333333333335,1.665,0.7716666666666667,0.11666666666666665,-0.15,0.08333333333333333,-0.13666666666666671,0.06666666666666667,0.14999999999999997,-0.11666666666666665,0.0,0.0,0.0,0.0,0.0,0.0,0.0
1.11,0.1295,-0.16650000000000004,0.09250000000000001,-1.5917000000000001,0.07400000000000001,1.6665,0.7705,0.11666666666666665,-0.15,0.08333333333333333,-0.13666666666666671,0.06666666666666667,0.14999999999999997,-0.11666666666666665,0.0,0.0,0.0,0.0,0.0,0.0,0.0
1.12,0.13066666666666665,-0.168,0.09333333333333334,-1.5930666666666666,0.07466666666666667,1.668,0.7693333333333334,0.11666666666666665,-0.15,0.08333333333333333,-0.13666666666666671,0.06666666666666667,0.14999999999999997,-0.11666666666666665,0.0,0.0,0.0,0.0,0.0,0.0,0.0
1.1300000000000001,0.13183333333333333,-0.1695,0.09416666666666668,-1.5944333333333334,0.07533333333333335,1.6695,0.7681666666666667,0.11666666666666665,-0.15,0.08333333333333333,-0.13666666666666671,0.06666666666666667,0.14999999999999997,-0.11666666666666665,0.0,0.0,0.0,0.0,0.0,0.0,0.0
1.1400000000000001,0.133,-0.17100000000000004,0.09500000000000001,-1.5958,0.07600000000000001,1.671,0.767,0.11666666666666665,-0.15,0.08333333333333333,-0.13666666666666671,0.06666666666666667,0.14999999999999997,-0.11666666666666665,0.0,0.0,0.0,0.0,0.0,0.0,0.0
1.1500000000000001,0.13416666666666666,-0.17250000000000001,0.09583333333333334,-1.5971666666666666,0.07666666666666667,1.6724999999999999,0.7658333333333334,0.11666666666666665,-0.15,0.08333333333333333,-0.13666666666666671,0.06666666666666667,0.14999999999999997,-0.11666666666666665,0.0,0.0,0.0,0.0,0.0,0.0,0.0
1.16,0.13533333333333333,-0.174,0.09666666666666666,-1.5985333333333334,0.07733333333333334,1.674,0.7646666666666667,0.11666666666666665,-0.15,0.08333333333333333,-0.13666666666666671,0.06666666666666667,0.14999999999999997,-0.11666666666666665,0.0,0.0,0.0,0.0,0.0,0.0,0.0
1.17,0.13649999999999998,-0.1755,0.09749999999999999,-1.5998999999999999,0.078,1.6755,0.7635000000000001,0.11666666666666665,-0.15,0.08333333333333333,-0.13666666666666671,0.06666666666666667,0.14999999999999997,-0.11666666666666665,0.0,0.0,0.0,0.0,0.0,0.0,0.0
1.18,0.13766666666666666,-0.177,0.09833333333333333,-1.6012666666666666,0.07866666666666666,1.677,0.7623333333333333,0.11666666666666665,-0.15,0.08333333333333333,-0.13666666666666671,0.06666666666666667,0.14999999999999997,-0.11666666666666665,0.0,0.0,0.0,0.0,0.0,0.0,0.0
1.19,0.13883333333333334,-0.1785,0.09916666666666667,-1.6026333333333334,0.07933333333333334,1.6785,0.7611666666666667,0.11666666666666665,-0.15,0.08333333333333333,-0.13666666666666671,0.06666666666666667,0.14999999999999997,-0.11666666666666665,0.0,0.0,0.0,0.0,0.0,0.0,0.0
1.2,0.13999999999999999,-0.18,0.09999999999999999,-1.604,0.08,1.68,0.76,0.11666666666666665,-0.15,0.08333333333333333,-0.13666666666666671,0.06666666666666667,0.14999999999999997,-0.11666666666666665,0.0,0.0,0.0,0.0,0.0,0.0,0.0
1.21,0.14116666666666666,-0.1815,0.10083333333333333,-1.6053666666666666,0.08066666666666666,1.6815,0.7588333333333334,0.11666666666666665,-0.15,0.08333333333333333,-0.13666666666666671,0.06666666666666667,0.14999999999999997,-0.11666666666666665,0.0,0.0,0.0,0.0,0.0,0.0,0.0
1.22,0.14233333333333334,-0.183,0.10166666666666667,-1.6067333333333333,0.08133333333333334,1.683,0.7576666666666667,0.11666666666666665,-0.15,0.08333333333333333,-0.13666666666666671,0.06666666666666667,0.14999999999999997,-0.11666666666666665,0.0,0.0,0.0,0.0,0.0,0.0,0.0
1.23,0.1435,-0.1845,0.1025,-1.6081,0.082,1.6844999999999999,0.7565000000000001,0.11666666666666665,-0.15,0.08333333333333333,-0.13666666666666671,0.06666666666666667,0.14999999999999997,-0.11666666666666665,0.0,0.0,0.0,0.0,0.0,0.0,0.0
1.24,0.14466666666666667,-0.186,0.10333333333333333,-1.6094666666666666,0.08266666666666667,1.686,0.7553333333333334,0.11666666666666665,-0.15,0.08333333333333333,-0.13666666666666671,0.06666666666666667,0.14999999999999997,-0.11666666666666665,0.0,0.0,0.0,0.0,0.0,0.0,0.0
1.25,0.14583333333333334,-0.1875,0.10416666666666667,-1.6108333333333333,0.08333333333333334,1.6875,0.7541666666666667,0.11666666666666665,-0.15,0.08333333333333333,-0.13666666666666671,0.06666666666666667,0.14999999999999997,-0.11666666666666665,0.0,0.0,0.0,0.0,0.0,0.0,0.0
1.26,0.147,-0.189,0.105,-1.6122,0.084,1.689,0.753,0.11666666666666665,-0.15,0.08333333333333333,-0.13666666666666671,0.06666666666666667,0.14999999999999997,-0.11666666666666665,0.0,0.0,0.0,0.0,0.0,0.0,0.0
1.27,0.14816666666666667,-0.1905,0.10583333333333333,-1.6135666666666666,0.08466666666666667,1.6905,0.7518333333333334,0.11666666666666665,-0.15,0.08333333333333333,-0.13666666666666671,0.06666666666666667,0.14999999999999997,-0.11666666666666665,0.0,0.0,0.0,0.0,0.0,0.0,0.0
1.28,0.14933333333333335,-0.192,0.10666666666666667,-1.6149333333333333,0.08533333333333334,1.692,0.7506666666666667,0.11666666666666665,-0.15,0.08333333333333333,-0.13666666666666671,0.06666666666666667,0.14999999999999997,-0.11666666666666665,0.0,0.0,0.0,0.0,0.0,0.0,0.0
1.29,0.1505,-0.1935,0.1075,-1.6163,0.08600000000000001,1.6935,0.7495,0.11666666666666665,-0.15,0.08333333333333333,-0.13666666666666671,0.06666666666666667,0.14999999999999997,-0.11666666666666665,0.0,0.0,0.0,0.0,0.0,0.0,0.0
1.3,0.15166666666666667,-0.195,0.10833333333333334,-1.6176666666666666,0.08666666666666667,1.695,0.7483333333333333,0.11666666666666665,-0.15,0.08333333333333333,-0.13666666666666671,0.06666666666666667,0.14999999999999997,-0.11666666666666665,0.0,0.0,0.0,0.0,0.0,0.0,0.0
1.31,0.15283333333333335,-0.1965,0.10916666666666668,-1.6190333333333333,0.08733333333333335,1.6965,0.7471666666666666,0.11666666666666665,-0.15,0.08333333333333333,-0.13666666666666671,0.06666666666666667,0.14999999999999997,-0.11666666666666665,0.0,0.0,0.0,0.0,0.0,0.0,0.0
1.32,0.154,-0.198,0.11,-1.6204,0.08800000000000001,1.698,0.746,0.11666666666666665,-0.15,0.08333333333333333,-0.13666666666666671,0.06666666666666667,0.14999999999999997,-0.11666666666666665,0.0,0.0,0.0,0.0,0.0,0.0,0.0
1.33,0.15516666666666667,-0.1995,0.11083333333333334,-1.6217666666666668,0.08866666666666667,1.6995,0.7448333333333333,0.11666666666666665,-0.15,0.08333333333333333,-0.13666666666666671,0.06666666666666667,0.14999999999999997,-0.11666666666666665,0.0,0.0,0.0,0.0,0.0,0.0,0.0
1.34,0.15633333333333335,-0.201,0.11166666666666668,-1.6231333333333333,0.08933333333333335,1.701,0.7436666666666667,0.11666666666666665,-0.15,0.08333333333333333,-0.13666666666666671,0.06666666666666667,0.14999999999999997,-0.11666666666666665,0.0,0.0,0.0,0.0,0.0,0.0,0.0
1.35,0.1575,-0.2025,0.1125,-1.6245,0.09000000000000001,1.7025,0.7425,0.11666666666666665,-0.15,0.08333333333333333,-0.13666666666666671,0.06666666666666667,0.14999999999999997,-0.11666666666666665,0.0,0.0,0.0,0.0,0.0,0.0,0.0
1.36,0.15866666666666668,-0.20400000000000001,0.11333333333333334,-1.6258666666666666,0.09066666666666667,1.704,0.7413333333333334,0.11666666666666665,-0.15,0.08333333333333333,-0.13666666666666671,0.06666666666666667,0.14999999999999997,-0.11666666666666665,0.0,0.0,0.0,0.0,0.0,0.0,0.0
1.37,0.15983333333333336,-0.20550000000000002,0.11416666666666668,-1.6272333333333333,0.09133333333333335,1.7055,0.7401666666666666,0.11666666666666665,-0.15,0.08333333333333333,-0.13666666666666671,0.06666666666666667,0.14999999999999997,-0.11666666666666665,0.0,0.0,0.0,0.0,0.0,0.0,0.0
1.3800000000000001,0.161,-0.20700000000000002,0.115,-1.6286,0.09200000000000001,1.707,0.739,0.11666666666666665,-0.15,0.08333333333333333,-0.13666666666666671,0.06666666666666667,0.14999999999999997,-0.11666666666666665,0.0,0.0,0.0,0.0,0.0,0.0,0.0
1.3900000000000001,0.16216666666666668,-0.20850000000000002,0.11583333333333334,-1.6299666666666668,0.09266666666666667,1.7085,0.7378333333333333,0.11666666666666665,-0.15,0.08333333333333333,-0.13666666666666671,0.06666666666666667,0.14999999999999997,-0.11666666666666665,0.0,0.0,0.0,0.0,0.0,0.0,0.0
1.4000000000000001,0.16333333333333336,-0.21000000000000002,0.11666666666666668,-1.6313333333333333,0.09333333333333335,1.71,0.7366666666666667,0.11666666666666665,-0.15,0.08333333333333333,-0.13666666666666671,0.06666666666666667,0.14999999999999997,-0.11666666666666665,0.0,0.0,0.0,0.0,0.0,0.0,0.0
1.41,0.16449999999999998,-0.2115,0.1175,-1.6327,0.094,1.7115,0.7355,0.11666666666666665,-0.15,0.08333333333333333,-0.13666666666666671,0.06666666666666667,0.14999999999999997,-0.11666666666666665,0.0,0.0,0.0,0.0,0.0,0.0,0.0
1.42,0.16566666666666666,-0.213,0.11833333333333333,-1.6340666666666666,0.09466666666666668,1.713,0.7343333333333334,0.11666666666666665,-0.15,0.08333333333333333,-0.13666666666666671,0.06666666666666667,0.14999999999999997,-0.11666666666666665,0.0,0.0,0.0,0.0,0.0,0.0,0.0
1.43,0.1668333333333333,-0.2145,0.11916666666666666,-1.6354333333333333,0.09533333333333333,1.7145,0.7331666666666667,0.11666666666666665,-0.15,0.08333333333333333,-0.13666666666666671,0.06666666666666667,0.14999999999999997,-0.11666666666666665,0.0,0.0,0.0,0.0,0.0,0.0,0.0
1.44,0.16799999999999998,-0.216,0.12,-1.6368,0.096,1.716,0.732,0.11666666666666665,-0.15,0.08333333333333333,-0.13666666666666671,0.06666666666666667,0.14999999999999997,-0.11666666666666665,0.0,0.0,0.0,0.0,0.0,0.0,0.0
1.45,0.16916666666666666,-0.2175,0.12083333333333333,-1.6381666666666668,0.09666666666666668,1.7175,0.7308333333333333,0.11666666666666665,-0.15,0.08333333333333333,-0.13666666666666671,0.06666666666666667,0.14999999999999997,-0.11666666666666665,0.0,0.0,0.0,0.0,0.0,0.0,0.0
1.46,0.1703333333333333,-0.219,0.12166666666666666,-1.6395333333333333,0.09733333333333333,1.7189999999999999,0.7296666666666667,0.11666666666666665,-0.15,0.08333333333333333,-0.13666666666666671,0.06666666666666667,0.14999999999999997,-0.11666666666666665,0.0,0.0,0.0,0.0,0.0,0.0,0.0
1.47,0.17149999999999999,-0.2205,0.1225,-1.6409,0.098,1.7205,0.7285,0.11666666666666665,-0.15,0.08333333333333333,-0.13666666666666671,0.06666666666666667,0.14999999999999997,-0.11666666666666665,0.0,0.0,0.0,0.0,0.0,0.0,0.0
1.48,0.17266666666666666,-0.222,0.12333333333333334,-1.6422666666666668,0.09866666666666668,1.722,0.7273333333333334,0.11666666666666665,-0.15,0.08333333333333333,-0.13666666666666671,0.06666666666666667,0.14999999999999997,-0.11666666666666665,0.0,0.0,0.0,0.0,0.0,0.0,0.0
1.49,0.1738333333333333,-0.2235,0.12416666666666666,-1.6436333333333333,0.09933333333333333,1.7235,0.7261666666666667,0.11666666666666665,-0.15,0.08333333333333333,-0.13666666666666671,0.06666666666666667,0.14999999999999997,-0.11666666666666665,0.0,0.0,0.0,0.0,0.0,0.0,0.0
1.5,0.175,-0.225,0.125,-1.645,0.1,1.725,0.7250000000000001,0.11666666666666665,-0.15,0.08333333333333333,-0.13666666666666671,0.06666666666666667,0.14999999999999997,-0.11666666666666665,0.0,0.0,0.0,0.0,0.0,0.0,0.0
1.51,0.17616666666666664,-0.22649999999999998,0.12583333333333332,-1.6463666666666668,0.10066666666666667,1.7265,0.7238333333333333,0.11666666666666665,-0.15,0.08333333333333333,-0.13666666666666671,0.06666666666666667,0.14999999999999997,-0.11666666666666665,0.0,0.0,0.0,0.0,0.0,0.0,0.0
1.52,0.17733333333333334,-0.22800000000000004,0.12666666666666668,-1.6477333333333335,0.10133333333333334,1.728,0.7226666666666667,0.11666666666666665,-0.15,0.08333333333333333,-0.13666666666666671,0.06666666666666667,0.14999999999999997,-0.11666666666666665,0.0,0.0,0.0,0.0,0.0,0.0,0.0
1.53,0.1785,-0.2295,0.1275,-1.6491,0.10200000000000001,1.7295,0.7215,0.11666666666666665,-0.15,0.08333333333333333,-0.13666666666666671,0.06666666666666667,0.14999999999999997,-0.11666666666666665,0.0,0.0,0.0,0.0,0.0,0.0,0.0
1.54,0.17966666666666664,-0.23099999999999998,0.12833333333333333,-1.6504666666666667,0.10266666666666667,1.7309999999999999,0.7203333333333334,0.11666666666666665,-0.15,0.08333333333333333,-0.13666666666666671,0.06666666666666667,0.14999999999999997,-0.11666666666666665,0.0,0.0,0.0,0.0,0.0,0.0,0.0
1.55,0.18083333333333335,-0.23250000000000004,0.12916666666666668,-1.6518333333333333,0.10333333333333335,1.7325,0.7191666666666667,0.11666666666666665,-0.15,0.08333333333333333,-0.13666666666666671,0.06666666666666667,0.14999999999999997,-0.11666666666666665,0.0,0.0,0.0,0.0,0.0,0.0,0.0
1.56,0.182,-0.234,0.13,-1.6532,0.10400000000000001,1.734,0.718,0.11666666666666665,-0.15,0.08333333333333333,-0.13666666666666671,0.06666666666666667,0.14999999999999997,-0.11666666666666665,0.0,0.0,0.0,0.0,0.0,0.0,0.0
1.57,0.18316666666666664,-0.2355,0.13083333333333333,-1.6545666666666667,0.10466666666666667,1.7355,0.7168333333333334,0.11666666666666665,-0.15,0.08333333333333333,-0.13666666666666671,0.06666666666666667,0.14999999999999997,-0.11666666666666665,0.0,0.0,0.0,0.0,0.0,0.0,0.0
1.58,0.18433333333333335,-0.23700000000000004,0.13166666666666668,-1.6559333333333335,0.10533333333333335,1.737,0.7156666666666667,0.11666666666666665,-0.15,0.08333333333333333,-0.13666666666666671,0.06666666666666667,0.14999999999999997,-0.11666666666666665,0.0,0.0,0.0,0.0,0.0,0.0,0.0
1.59,0.1855,-0.23850000000000002,0.1325,-1.6573,0.10600000000000001,1.7385,0.7145,0.11666666666666665,-0.15,0.08333333333333333,-0.13666666666666671,0.06666666666666667,0.14999999999999997,-0.11666666666666665,0.0,0.0,0.0,0.0,0.0,0.0,0.0
1.6,0.18666666666666665,-0.24,0.13333333333333333,-1.6586666666666667,0.10666666666666667,1.74,0.7133333333333334,0.11666666666666665,-0.15,0.08333333333333333,-0.13666666666666671,0.06666666666666667,0.14999999999999997,-0.11666666666666665,0.0,0.0,0.0,0.0,0.0,0.0,0.0
1.61,0.18783333333333335,-0.24150000000000005,0.13416666666666668,-1.6600333333333335,0.10733333333333335,1.7415,0.7121666666666666,0.11666666666666665,-0.15,0.08333333333333333,-0.13666666666666671,0.06666666666666667,0.14999999999999997,-0.11666666666666665,0.0,0.0,0.0,0.0,0.0,0.0,0.0
1.62,0.189,-0.24300000000000002,0.135,-1.6614,0.10800000000000001,1.7429999999999999,0.7110000000000001,0.11666666666666665,-0.15,0.08333333333333333,-0.13666666666666671,0.06666666666666667,0.14999999999999997,-0.11666666666666665,0.0,0.0,0.0,0.0,0.0,0.0,0.0
1.6300000000000001,0.19016666666666665,-0.2445,0.13583333333333333,-1.6627666666666667,0.10866666666666668,1.7445,0.7098333333333333,0.11666666666666665,-0.15,0.08333333333333333,-0.13666666666666671,0.06666666666666667,0.14999999999999997,-0.11666666666666665,0.0,0.0,0.0,0.0,0.0,0.0,0.0
1.6400000000000001,0.19133333333333336,-0.24600000000000005,0.1366666666666667,-1.6641333333333335,0.10933333333333335,1.746,0.7086666666666667,0.11666666666666665,-0.15,0.08333333333333333,-0.13666666666666671,0.06666666666666667,0.14999999999999997,-0.11666666666666665,0.0,0.0,0.0,0.0,0.0,0.0,0.0
1.6500000000000001,0.1925,-0.24750000000000003,0.1375,-1.6655,0.11000000000000001,1.7475,0.7075,0.11666666666666665,-0.15,0.08333333333333333,-0.13666666666666671,0.06666666666666667,0.14999999999999997,-0.11666666666666665,0.0,0.0,0.0,0.0,0.0,0.0,0.0
1.6600000000000001,0.19366666666666665,-0.249,0.13833333333333334,-1.6668666666666667,0.11066666666666668,1.7489999999999999,0.7063333333333334,0.11666666666666665,-0.15,0.08333333333333333,-0.13666666666666671,0.06666666666666667,0.14999999999999997,-0.11666666666666665,0.0,0.0,0.0,0.0,0.0,0.0,0.0
1.67,0.1948333333333333,-0.2505,0.13916666666666666,-1.6682333333333332,0.11133333333333334,1.7505,0.7051666666666667,0.11666666666666665,-0.15,0.08333333333333333,-0.13666666666666671,0.06666666666666667,0.14999999999999997,-0.11666666666666665,0.0,0.0,0.0,0.0,0.0,0.0,0.0
1.68,0.19599999999999998,-0.252,0.13999999999999999,-1.6696,0.11199999999999999,1.752,0.7040000000000001,0.11666666666666665,-0.15,0.08333333333333333,-0.13666666666666671,0.06666666666666667,0.14999999999999997,-0.11666666666666665,0.0,0.0,0.0,0.0,0.0,0.0,0.0
1.69,0.19716666666666666,-0.2535,0.14083333333333334,-1.6709666666666667,0.11266666666666668,1.7535,0.7028333333333334,0.11666666666666665,-0.15,0.08333333333333333,-0.13666666666666671,0.06666666666666667,0.14999999999999997,-0.11666666666666665,0.0,0.0,0.0,0.0,0.0,0.0,0.0
1.7,0.1983333333333333,-0.255,0.14166666666666666,-1.6723333333333334,0.11333333333333334,1.755,0.7016666666666667,0.11666666666666665,-0.15,0.08333333333333333,-0.13666666666666671,0.06666666666666667,0.14999999999999997,-0.11666666666666665,0.0,0.0,0.0,0.0,0.0,0.0,0.0
1.71,0.19949999999999998,-0.2565,0.1425,-1.6737,0.11399999999999999,1.7565,0.7005,0.11666666666666665,-0.15,0.08333333333333333,-0.13666666666666671,0.06666666666666667,0.14999999999999997,-0.11666666666666665,0.0,0.0,0.0,0.0,0.0,0.0,0.0
1.72,0.20066666666666666,-0.258,0.14333333333333334,-1.6750666666666667,0.11466666666666668,1.758,0.6993333333333334,0.11666666666666665,-0.15,0.08333333333333333,-0.13666666666666671,0.06666666666666667,0.14999999999999997,-0.11666666666666665,0.0,0.0,0.0,0.0,0.0,0.0,0.0
1.73,0.2018333333333333,-0.2595,0.14416666666666667,-1.6764333333333334,0.11533333333333334,1.7595,0.6981666666666667,0.11666666666666665,-0.15,0.08333333333333333,-0.13666666666666671,0.06666666666666667,0.14999999999999997,-0.11666666666666665,0.0,0.0,0.0,0.0,0.0,0.0,0.0
1.74,0.20299999999999999,-0.261,0.145,-1.6778,0.11599999999999999,1.761,0.6970000000000001,0.11666666666666665,-0.15,0.08333333333333333,-0.13666666666666671,0.06666666666666667,0.14999999999999997,-0.11666666666666665,0.0,0.0,0.0,0.0,0.0,0.0,0.0
1.75,0.20416666666666666,-0.2625,0.14583333333333334,-1.6791666666666667,0.11666666666666668,1.7625,0.6958333333333333,0.11666666666666665,-0.15,0.08333333333333333,-0.13666666666666671,0.06666666666666667,0.14999999999999997,-0.11666666666666665,0.0,0.0,0.0,0.0,0.0,0.0,0.0
1.76,0.2053333333333333,-0.264,0.14666666666666667,-1.6805333333333334,0.11733333333333335,1.764,0.6946666666666668,0.11666666666666665,-0.15,0.08333333333333333,-0.13666666666666671,0.06666666666666667,0.14999999999999997,-0.11666666666666665,0.0,0.0,0.0,0.0,0.0,0.0,0.0
1.77,0.2065,-0.2655,0.1475,-1.6819,0.118,1.7654999999999998,0.6935,0.11666666666666665,-0.15,0.08333333333333333,-0.13666666666666671,0.06666666666666667,0.14999999999999997,-0.11666666666666665,0.0,0.0,0.0,0.0,0.0,0.0,0.0
1.78,0.20766666666666667,-0.267,0.14833333333333334,-1.6832666666666667,0.11866666666666668,1.767,0.6923333333333334,0.11666666666666665,-0.15,0.08333333333333333,-0.13666666666666671,0.06666666666666667,0.14999999999999997,-0.11666666666666665,0.0,0.0,0.0,0.0,0.0,0.0,0.0
1.79,0.20883333333333332,-0.2685,0.14916666666666667,-1.6846333333333334,0.11933333333333335,1.7685,0.6911666666666667,0.11666666666666665,-0.15,0.08333333333333333,-0.13666666666666671,0.06666666666666667,0.14999999999999997,-0.11666666666666665,0.0,0.0,0.0,0.0,0.0,0.0,0.0
1.8,0.21,-0.27,0.15,-1.686,0.12,1.77,0.6900000000000001,0.11666666666666665,-0.15,0.08333333333333333,-0.13666666666666671,0.06666666666666667,0.14999999999999997,-0.11666666666666665,0.0,0.0,0.0,0.0,0.0,0.0,0.0
1.81,0.21116666666666667,-0.2715,0.15083333333333335,-1.6873666666666667,0.12066666666666669,1.7715,0.6888333333333334,0.11666666666666665,-0.15,0.08333333333333333,-0.13666666666666671,0.06666666666666667,0.14999999999999997,-0.11666666666666665,0.0,0.0,0.0,0.0,0.0,0.0,0.0
1.82,0.21233333333333332,-0.273,0.15166666666666667,-1.6887333333333334,0.12133333333333335,1.773,0.6876666666666666,0.11666666666666665,-0.15,0.08333333333333333,-0.13666666666666671,0.06666666666666667,0.14999999999999997,-0.11666666666666665,0.0,0.0,0.0,0.0,0.0,0.0,0.0
1.83,0.2135,-0.2745,0.1525,-1.6901000000000002,0.122,1.7745,0.6865,0.11666666666666665,-0.15,0.08333333333333333,-0.13666666666666671,0.06666666666666667,0.14999999999999997,-0.11666666666666665,0.0,0.0,0.0,0.0,0.0,0.0,0.0
1.84,0.21466666666666667,-0.276,0.15333333333333335,-1.6914666666666667,0.12266666666666669,1.776,0.6853333333333333,0.11666666666666665,-0.15,0.08333333333333333,-0.13666666666666671,0.06666666666666667,0.14999999999999997,-0.11666666666666665,0.0,0.0,0.0,0.0,0.0,0.0,0.0
1.85,0.21583333333333332,-0.2775,0.15416666666666667,-1.6928333333333334,0.12333333333333335,1.7774999999999999,0.6841666666666667,0.11666666666666665,-0.15,0.08333333333333333,-0.13666666666666671,0.06666666666666667,0.14999999999999997,-0.11666666666666665,0.0,0.0,0.0,0.0,0.0,0.0,0.0
1.86,0.217,-0.279,0.155,-1.6942,0.124,1.779,0.683,0.11666666666666665,-0.15,0.08333333333333333,-0.13666666666666671,0.06666666666666667,0.14999999999999997,-0.11666666666666665,0.0,0.0,0.0,0.0,0.0,0.0,0.0
1.87,0.21816666666666668,-0.2805,0.15583333333333335,-1.6955666666666667,0.12466666666666669,1.7805,0.6818333333333333,0.11666666666666665,-0.15,0.08333333333333333,-0.13666666666666671,0.06666666666666667,0.14999999999999997,-0.11666666666666665,0.0,0.0,0.0,0.0,0.0,0.0,0.0
1.8800000000000001,0.21933333333333332,-0.28200000000000003,0.15666666666666668,-1.6969333333333334,0.12533333333333335,1.782,0.6806666666666668,0.11666666666666665,-0.15,0.08333333333333333,-0.13666666666666671,0.06666666666666667,0.14999999999999997,-0.11666666666666665,0.0,0.0,0.0,0.0,0.0,0.0,0.0
1.8900000000000001,0.22049999999999997,-0.28350000000000003,0.1575,-1.6983000000000001,0.126,1.7835,0.6795,0.11666666666666665,-0.15,0.08333333333333333,-0.13666666666666671,0.06666666666666667,0.14999999999999997,-0.11666666666666665,0.0,0.0,0.0,0.0,0.0,0.0,0.0
1.9000000000000001,0.22166666666666668,-0.28500000000000003,0.15833333333333335,-1.6996666666666667,0.12666666666666668,1.7850000000000001,0.6783333333333333,0.11666666666666665,-0.15,0.08333333333333333,-0.13666666666666671,0.06666666666666667,0.14999999999999997,-0.11666666666666665,0.0,0.0,0.0,0.0,0.0,0.0,0.0
1.9100000000000001,0.22283333333333333,-0.28650000000000003,0.15916666666666668,-1.7010333333333334,0.12733333333333335,1.7865,0.6771666666666667,0.11666666666666665,-0.15,0.08333333333333333,-0.13666666666666671,0.06666666666666667,0.14999999999999997,-0.11666666666666665,0.0,0.0,0.0,0.0,0.0,0.0,0.0
1.92,0.22399999999999998,-0.28800000000000003,0.16,-1.7024,0.128,1.788,0.676,0.11666666666666665,-0.15,0.08333333333333333,-0.13666666666666671,0.06666666666666667,0.14999999999999997,-0.11666666666666665,0.0,0.0,0.0,0.0,0.0,0.0,0.0
1.93,0.22516666666666665,-0.2895,0.16083333333333333,-1.7037666666666667,0.12866666666666668,1.7894999999999999,0.6748333333333334,0.11666666666666665,-0.15,0.08333333333333333,-0.13666666666666671,0.06666666666666667,0.14999999999999997,-0.11666666666666665,0.0,0.0,0.0,0.0,0.0,0.0,0.0
1.94,0.2263333333333333,-0.291,0.16166666666666665,-1.7051333333333334,0.12933333333333333,1.791,0.6736666666666667,0.11666666666666665,-0.15,0.08333333333333333,-0.13666666666666671,0.06666666666666667,0.14999999999999997,-0.11666666666666665,0.0,0.0,0.0,0.0,0.0,0.0,0.0
1.95,0.22749999999999998,-0.29250000000000004,0.1625,-1.7065000000000001,0.13,1.7925,0.6725000000000001,0.11666666666666665,-0.15,0.08333333333333333,-0.13666666666666671,0.06666666666666667,0.14999999999999997,-0.11666666666666665,0.0,0.0,0.0,0.0,0.0,0.0,0.0
1.96,0.22866666666666666,-0.294,0.16333333333333333,-1.7078666666666666,0.13066666666666668,1.794,0.6713333333333333,0.11666666666666665,-0.15,0.08333333333333333,-0.13666666666666671,0.06666666666666667,0.14999999999999997,-0.11666666666666665,0.0,0.0,0.0,0.0,0.0,0.0,0.0
1.97,0.2298333333333333,-0.2955,0.16416666666666666,-1.7092333333333334,0.13133333333333333,1.7954999999999999,0.6701666666666667,0.11666666666666665,-0.15,0.08333333333333333,-0.13666666666666671,0.06666666666666667,0.14999999999999997,-0.11666666666666665,0.0,0.0,0.0,0.0,0.0,0.0,0.0
1.98,0.23099999999999998,-0.29700000000000004,0.165,-1.7106000000000001,0.132,1.797,0.669,0.11666666666666665,-0.15,0.08333333333333333,-0.13666666666666671,0.06666666666666667,0.14999999999999997,-0.11666666666666665,0.0,0.0,0.0,0.0,0.0,0.0,0.0
1.99,0.23216666666666666,-0.2985,0.16583333333333333,-1.7119666666666666,0.13266666666666668,1.7985,0.6678333333333334,0.11666666666666665,-0.15,0.08333333333333333,-0.13666666666666671,0.06666666666666667,0.14999999999999997,-0.11666666666666665,0.0,0.0,0.0,0.0,0.0,0.0,0.0
2.0,0.2333333333333333,-0.3,0.16666666666666666,-1.7133333333333334,0.13333333333333333,1.7999999999999998,0.6666666666666667,0.11666666666666665,-0.15,0.08333333333333333,-0.13666666666666671,0.06666666666666667,0.14999999999999997,-0.11666666666666665,0.0,0.0,0.0,0.0,0.0,0.0,0.0
2.0100000000000002,0.2345,-0.30150000000000005,0.1675,-1.7147000000000001,0.134,1.8014999999999999,0.6655,0.11666666666666665,-0.15,0.08333333333333333,-0.13666666666666671,0.06666666666666667,0.14999999999999997,-0.11666666666666665,0.0,0.0,0.0,0.0,0.0,0.0,0.0
2.02,0.23566666666666666,-0.303,0.16833333333333333,-1.7160666666666666,0.13466666666666668,1.803,0.6643333333333333,0.11666666666666665,-0.15,0.08333333333333333,-0.13666666666666671,0.06666666666666667,0.14999999999999997,-0.11666666666666665,0.0,0.0,0.0,0.0,0.0,0.0,0.0
2.0300000000000002,0.23683333333333334,-0.30450000000000005,0.1691666666666667,-1.7174333333333334,0.13533333333333336,1.8045,0.6631666666666667,0.11666666666666665,-0.15,0.08333333333333333,-0.13666666666666671,0.06666666666666667,0.14999999999999997,-0.11666666666666665,0.0,0.0,0.0,0.0,0.0,0.0,0.0
2.04,0.238,-0.30600000000000005,0.17,-1.7188,0.136,1.806,0.662,0.11666666666666665,-0.15,0.08333333333333333,-0.13666666666666671,0.06666666666666667,0.14999999999999997,-0.11666666666666665,0.0,0.0,0.0,0.0,0.0,0.0,0.0
2.05,0.2391666666666666,-0.30749999999999994,0.1708333333333333,-1.7201666666666666,0.13666666666666666,1.8074999999999999,0.6608333333333334,0.11666666666666665,-0.15,0.08333333333333333,-0.13666666666666671,0.06666666666666667,0.14999999999999997,-0.11666666666666665,0.0,0.0,0.0,0.0,0.0,0.0,0.0
2.06,0.24033333333333332,-0.309,0.17166666666666666,-1.7215333333333334,0.13733333333333334,1.809,0.6596666666666667,0.11666666666666665,-0.15,0.08333333333333333,-0.13666666666666671,0.06666666666666667,0.14999999999999997,-0.11666666666666665,0.0,0.0,0.0,0.0,0.0,0.0,0.0
2.07,0.24149999999999996,-0.3105,0.1725,-1.7229,0.13799999999999998,1.8105,0.6585000000000001,0.11666666666666665,-0.15,0.08333333333333333,-0.13666666666666671,0.06666666666666667,0.14999999999999997,-0.11666666666666665,0.0,0.0,0.0,0.0,0.0,0.0,0.0
2.08,0.24266666666666667,-0.312,0.17333333333333334,-1.7242666666666668,0.1386666666666667,1.812,0.6573333333333333,0.11666666666666665,-0.15,0.08333333333333333,-0.13666666666666671,0.06666666666666667,0.14999999999999997,-0.11666666666666665,0.0,0.0,0.0,0.0,0.0,0.0,0.0
2.09,0.24383333333333332,-0.3135,0.17416666666666666,-1.7256333333333334,0.13933333333333334,1.8135,0.6561666666666667,0.11666666666666665,-0.15,0.08333333333333333,-0.13666666666666671,0.06666666666666667,0.14999999999999997,-0.11666666666666665,0.0,0.0,0.0,0.0,0.0,0.0,0.0
2.1,0.245,-0.31500000000000006,0.17500000000000002,-1.727,0.14,1.815,0.655,0.11666666666666665,-0.15,0.08333333333333333,-0.13666666666666671,0.06666666666666667,0.14999999999999997,-0.11666666666666665,0.0,0.0,0.0,0.0,0.0,0.0,0.0
2.11,0.24616666666666662,-0.31649999999999995,0.1758333333333333,-1.7283666666666666,0.14066666666666666,1.8165,0.6538333333333334,0.11666666666666665,-0.15,0.08333333333333333,-0.13666666666666671,0.06666666666666667,0.14999999999999997,-0.11666666666666665,0.0,0.0,0.0,0.0,0.0,0.0,0.0
2.12,0.24733333333333332,-0.318,0.17666666666666667,-1.7297333333333333,0.14133333333333334,1.818,0.6526666666666667,0.11666666666666665,-0.15,0.08333333333333333,-0.13666666666666671,0.06666666666666667,0.14999999999999997,-0.11666666666666665,0.0,0.0,0.0,0.0,0.0,0.0,0.0
2.13,0.24849999999999997,-0.3195,0.1775,-1.7311,0.142,1.8195,0.6515000000000001,0.11666666666666665,-0.15,0.08333333333333333,-0.13666666666666671,0.06666666666666667,0.14999999999999997,-0.11666666666666665,0.0,0.0,0.0,0.0,0.0,0.0,0.0
2.14,0.24966666666666668,-0.321,0.17833333333333334,-1.7324666666666668,0.1426666666666667,1.821,0.6503333333333333,0.11666666666666665,-0.15,0.08333333333333333,-0.13666666666666671,0.06666666666666667,0.14999999999999997,-0.11666666666666665,0.0,0.0,0.0,0.0,0.0,0.0,0.0
2.15,0.2508333333333333,-0.3225,0.17916666666666667,-1.7338333333333333,0.14333333333333334,1.8225,0.6491666666666667,0.11666666666666665,-0.15,0.08333333333333333,-0.13666666666666671,0.06666666666666667,0.14999999999999997,-0.11666666666666665,0.0,0.0,0.0,0.0,0.0,0.0,0.0
2.16,0.252,-0.32400000000000007,0.18000000000000002,-1.7352,0.14400000000000002,1.824,0.648,0.11666666666666665,-0.15,0.08333333333333333,-0.13666666666666671,0.06666666666666667,0.14999999999999997,-0.11666666666666665,0.0,0.0,0.0,0.0,0.0,0.0,0.0
2.17,0.25316666666666665,-0.32549999999999996,0.18083333333333332,-1.7365666666666666,0.14466666666666667,1.8255,0.6468333333333334,0.11666666666666665,-0.15,0.08333333333333333,-0.13666666666666671,0.06666666666666667,0.14999999999999997,-0.11666666666666665,0.0,0.0,0.0,0.0,0.0,0.0,0.0
2.18,0.2543333333333333,-0.327,0.18166666666666667,-1.7379333333333333,0.14533333333333334,1.827,0.6456666666666667,0.11666666666666665,-0.15,0.08333333333333333,-0.13666666666666671,0.06666666666666667,0.14999999999999997,-0.11666666666666665,0.0,0.0,0.0,0.0,0.0,0.0,0.0
2.19,0.2555,-0.3285,0.1825,-1.7393,0.146,1.8285,0.6445000000000001,0.11666666666666665,-0.15,0.08333333333333333,-0.13666666666666671,0.06666666666666667,0.14999999999999997,-0.11666666666666665,0.0,0.0,0.0,0.0,0.0,0.0,0.0
2.2,0.25666666666666665,-0.33,0.18333333333333335,-1.7406666666666668,0.1466666666666667,1.83,0.6433333333333333,0.11666666666666665,-0.15,0.08333333333333333,-0.13666666666666671,0.06666666666666667,0.14999999999999997,-0.11666666666666665,0.0,0.0,0.0,0.0,0.0,0.0,0.0
2.21,0.2578333333333333,-0.3315,0.18416666666666667,-1.7420333333333333,0.14733333333333334,1.8315,0.6421666666666668,0.11666666666666665,-0.15,0.08333333333333333,-0.13666666666666671,0.06666666666666667,0.14999999999999997,-0.11666666666666665,0.0,0.0,0.0,0.0,0.0,0.0,0.0
2.22,0.259,-0.3330000000000001,0.18500000000000003,-1.7434,0.14800000000000002,1.833,0.641,0.11666666666666665,-0.15,0.08333333333333333,-0.13666666666666671,0.06666666666666667,0.14999999999999997,-0.11666666666666665,0.0,0.0,0.0,0.0,0.0,0.0,0.0
2.23,0.26016666666666666,-0.33449999999999996,0.18583333333333332,-1.7447666666666666,0.14866666666666667,1.8345,0.6398333333333334,0.11666666666666665,-0.15,0.08333333333333333,-0.13666666666666671,0.06666666666666667,0.14999999999999997,-0.11666666666666665,0.0,0.0,0.0,0.0,0.0,0.0,0.0
2.24,0.2613333333333333,-0.336,0.18666666666666668,-1.7461333333333333,0.14933333333333335,1.8359999999999999,0.6386666666666667,0.11666666666666665,-0.15,0.08333333333333333,-0.13666666666666671,0.06666666666666667,0.14999999999999997,-0.11666666666666665,0.0,0.0,0.0,0.0,0.0,0.0,0.0
2.25,0.26249999999999996,-0.3375,0.1875,-1.7475,0.15000000000000002,1.8375,0.6375000000000001,0.11666666666666665,-0.15,0.08333333333333333,-0.13666666666666671,0.06666666666666667,0.14999999999999997,-0.11666666666666665,0.0,0.0,0.0,0.0,0.0,0.0,0.0
2.2600000000000002,0.26366666666666666,-0.339,0.18833333333333335,-1.7488666666666668,0.1506666666666667,1.839,0.6363333333333334,0.11666666666666665,-0.15,0.08333333333333333,-0.13666666666666671,0.06666666666666667,0.14999999999999997,-0.11666666666666665,0.0,0.0,0.0,0.0,0.0,0.0,0.0
2.27,0.2648333333333333,-0.3405,0.18916666666666668,-1.7502333333333335,0.15133333333333335,1.8405,0.6351666666666667,0.11666666666666665,-0.15,0.08333333333333333,-0.13666666666666671,0.06666666666666667,0.14999999999999997,-0.11666666666666665,0.0,0.0,0.0,0.0,0.0,0.0,0.0
2.2800000000000002,0.266,-0.3420000000000001,0.19000000000000003,-1.7516,0.15200000000000002,1.842,0.634,0.11666666666666665,-0.15,0.08333333333333333,-0.13666666666666671,0.06666666666666667,0.14999999999999997,-0.11666666666666665,0.0,0.0,0.0,0.0,0.0,0.0,0.0
2.29,0.26716666666666666,-0.34349999999999997,0.19083333333333333,-1.7529666666666668,0.15266666666666667,1.8435,0.6328333333333334,0.11666666666666665,-0.15,0.08333333333333333,-0.13666666666666671,0.06666666666666667,0.14999999999999997,-0.11666666666666665,0.0,0.0,0.0,0.0,0.0,0.0,0.0
2.3000000000000003,0.2683333333333333,-0.34500000000000003,0.19166666666666668,-1.7543333333333333,0.15333333333333335,1.845,0.6316666666666667,0.11666666666666665,-0.15,0.08333333333333333,-0.13666666666666671,0.06666666666666667,0.14999999999999997,-0.11666666666666665,0.0,0.0,0.0,0.0,0.0,0.0,0.0
2.31,0.26949999999999996,-0.34650000000000003,0.1925,-1.7557,0.15400000000000003,1.8465,0.6305000000000001,0.11666666666666665,-0.15,0.08333333333333333,-0.13666666666666671,0.06666666666666667,0.14999999999999997,-0.11666666666666665,0.0,0.0,0.0,0.0,0.0,0.0,0.0
2.32,0.27066666666666667,-0.348,0.19333333333333333,-1.7570666666666668,0.15466666666666667,1.8479999999999999,0.6293333333333333,0.11666666666666665,-0.15,0.08333333333333333,-0.13666666666666671,0.06666666666666667,0.14999999999999997,-0.11666666666666665,0.0,0.0,0.0,0.0,0.0,0.0,0.0
2.33,0.2718333333333333,-0.34950000000000003,0.19416666666666668,-1.7584333333333335,0.15533333333333335,1.8495,0.6281666666666668,0.11666666666666665,-0.15,0.08333333333333333,-0.13666666666666671,0.06666666666666667,0.14999999999999997,-0.11666666666666665,0.0,0.0,0.0,0.0,0.0,0.0,0.0
2.34,0.27299999999999996,-0.351,0.19499999999999998,-1.7598,0.156,1.851,0.627,0.11666666666666665,-0.15,0.08333333333333333,-0.13666666666666671,0.06666666666666667,0.14999999999999997,-0.11666666666666665,0.0,0.0,0.0,0.0,0.0,0.0,0.0
2.35,0.27416666666666667,-0.3525,0.19583333333333333,-1.7611666666666668,0.15666666666666668,1.8525,0.6258333333333334,0.11666666666666665,-0.15,0.08333333333333333,-0.13666666666666671,0.06666666666666667,0.14999999999999997,-0.11666666666666665,0.0,0.0,0.0,0.0,0.0,0.0,0.0
2.36,0.2753333333333333,-0.354,0.19666666666666666,-1.7625333333333333,0.15733333333333333,1.8539999999999999,0.6246666666666667,0.11666666666666665,-0.15,0.08333333333333333,-0.13666666666666671,0.06666666666666667,0.14999999999999997,-0.11666666666666665,0.0,0.0,0.0,0.0,0.0,0.0,0.0
2.37,0.27649999999999997,-0.35550000000000004,0.1975,-1.7639,0.15800000000000003,1.8555,0.6235,0.11666666666666665,-0.15,0.08333333333333333,-0.13666666666666671,0.06666666666666667,0.14999999999999997,-0.11666666666666665,0.0,0.0,0.0,0.0,0.0,0.0,0.0
2.38,0.2776666666666667,-0.357,0.19833333333333333,-1.7652666666666668,0.15866666666666668,1.857,0.6223333333333334,0.11666666666666665,-0.15,0.08333333333333333,-0.13666666666666671,0.06666666666666667,0.14999999999999997,-0.11666666666666665,0.0,0.0,0.0,0.0,0.0,0.0,0.0
2.39,0.2788333333333333,-0.35850000000000004,0.1991666666666667,-1.7666333333333335,0.15933333333333335,1.8585,0.6211666666666666,0.11666666666666665,-0.15,0.08333333333333333,-0.13666666666666671,0.06666666666666667,0.14999999999999997,-0.11666666666666665,0.0,0.0,0.0,0.0,0.0,0.0,0.0
2.4,0.27999999999999997,-0.36,0.19999999999999998,-1.768,0.16,1.8599999999999999,0.6200000000000001,0.11666666666666665,-0.15,0.08333333333333333,-0.13666666666666671,0.06666666666666667,0.14999999999999997,-0.11666666666666665,0.0,0.0,0.0,0.0,0.0,0.0,0.0
2.41,0.2811666666666667,-0.3615,0.20083333333333334,-1.7693666666666668,0.16066666666666668,1.8615,0.6188333333333333,0.11666666666666665,-0.15,0.08333333333333333,-0.13666666666666671,0.06666666666666667,0.14999999999999997,-0.11666666666666665,0.0,0.0,0.0,0.0,0.0,0.0,0.0
2.42,0.2823333333333333,-0.363,0.20166666666666666,-1.7707333333333333,0.16133333333333333,1.863,0.6176666666666667,0.11666666666666665,-0.15,0.08333333333333333,-0.13666666666666671,0.06666666666666667,0.14999999999999997,-0.11666666666666665,0.0,0.0,0.0,0.0,0.0,0.0,0.0
2.43,0.2835,-0.36450000000000005,0.2025,-1.7721,0.16200000000000003,1.8645,0.6165,0.11666666666666665,-0.15,0.08333333333333333,-0.13666666666666671,0.06666666666666667,0.14999999999999997,-0.11666666666666665,0.0,0.0,0.0,0.0,0.0,0.0,0.0
2.44,0.2846666666666667,-0.366,0.20333333333333334,-1.7734666666666667,0.16266666666666668,1.866,0.6153333333333333,0.11666666666666665,-0.15,0.08333333333333333,-0.13666666666666671,0.06666666666666667,0.14999999999999997,-0.11666666666666665,0.0,0.0,0.0,0.0,0.0,0.0,0.0
2.45,0.28583333333333333,-0.36750000000000005,0.2041666666666667,-1.7748333333333335,0.16333333333333336,1.8675,0.6141666666666667,0.11666666666666665,-0.15,0.08333333333333333,-0.13666666666666671,0.06666666666666667,0.14999999999999997,-0.11666666666666665,0.0,0.0,0.0,0.0,0.0,0.0,0.0
2.46,0.287,-0.369,0.205,-1.7762,0.164,1.869,0.613,0.11666666666666665,-0.15,0.08333333333333333,-0.13666666666666671,0.06666666666666667,0.14999999999999997,-0.11666666666666665,0.0,0.0,0.0,0.0,0.0,0.0,0.0
2.47,0.2881666666666667,-0.3705,0.20583333333333334,-1.7775666666666667,0.16466666666666668,1.8705,0.6118333333333333,0.11666666666666665,-0.15,0.08333333333333333,-0.13666666666666671,0.06666666666666667,0.14999999999999997,-0.11666666666666665,0.0,0.0,0.0,0.0,0.0,0.0,0.0
2.48,0.28933333333333333,-0.372,0.20666666666666667,-1.7789333333333335,0.16533333333333333,1.8719999999999999,0.6106666666666667,0.11666666666666665,-0.15,0.08333333333333333,-0.13666666666666671,0.06666666666666667,0.14999999999999997,-0.11666666666666665,0.0,0.0,0.0,0.0,0.0,0.0,0.0
2.49,0.2905,-0.37350000000000005,0.20750000000000002,-1.7803,0.16600000000000004,1.8735,0.6095,0.11666666666666665,-0.15,0.08333333333333333,-0.13666666666666671,0.06666666666666667,0.14999999999999997,-0.11666666666666665,0.0,0.0,0.0,0.0,0.0,0.0,0.0
2.5,0.2916666666666667,-0.375,0.20833333333333334,-1.7816666666666667,0.16666666666666669,1.875,0.6083333333333334,0.11666666666666665,-0.15,0.08333333333333333,-0.13666666666666671,0.06666666666666667,0.14999999999999997,-0.11666666666666665,0.0,0.0,0.0,0.0,0.0,0.0,0.0
2.5100000000000002,0.29283333333333333,-0.37650000000000006,0.2091666666666667,-1.7830333333333335,0.16733333333333336,1.8765,0.6071666666666666,0.11666666666666665,-0.15,0.08333333333333333,-0.13666666666666671,0.06666666666666667,0.14999999999999997,-0.11666666666666665,0.0,0.0,0.0,0.0,0.0,0.0,0.0
2.52,0.294,-0.378,0.21,-1.7844,0.168,1.878,0.6060000000000001,0.11666666666666665,-0.15,0.08333333333333333,-0.13666666666666671,0.06666666666666667,0.14999999999999997,-0.11666666666666665,0.0,0.0,0.0,0.0,0.0,0.0,0.0
2.5300000000000002,0.2951666666666667,-0.3795,0.21083333333333334,-1.7857666666666667,0.1686666666666667,1.8795,0.6048333333333333,0.11666666666666665,-0.15,0.08333333333333333,-0.13666666666666671,0.06666666666666667,0.14999999999999997,-0.11666666666666665,0.0,0.0,0.0,0.0,0.0,0.0,0.0
2.54,0.29633333333333334,-0.381,0.21166666666666667,-1.7871333333333335,0.16933333333333334,1.881,0.6036666666666667,0.11666666666666665,-0.15,0.08333333333333333,-0.13666666666666671,0.06666666666666667,0.14999999999999997,-0.11666666666666665,0.0,0.0,0.0,0.0,0.0,0.0,0.0
2.5500000000000003,0.2975,-0.38250000000000006,0.21250000000000002,-1.7885,0.17000000000000004,1.8825,0.6025,0.11666666666666665,-0.15,0.08333333333333333,-0.13666666666666671,0.06666666666666667,0.14999999999999997,-0.11666666666666665,0.0,0.0,0.0,0.0,0.0,0.0,0.0
2.56,0.2986666666666667,-0.384,0.21333333333333335,-1.7898666666666667,0.1706666666666667,1.884,0.6013333333333333,0.11666666666666665,-0.15,0.08333333333333333,-0.13666666666666671,0.06666666666666667,0.14999999999999997,-0.11666666666666665,0.0,0.0,0.0,0.0,0.0,0.0,0.0
2.57,0.2998333333333333,-0.38549999999999995,0.21416666666666664,-1.7912333333333335,0.17133333333333334,1.8855,0.6001666666666667,0.11666666666666665,-0.15,0.08333333333333333,-0.13666666666666671,0.06666666666666667,0.14999999999999997,-0.11666666666666665,0.0,0.0,0.0,0.0,0.0,0.0,0.0
2.58,0.301,-0.387,0.215,-1.7926000000000002,0.17200000000000001,1.887,0.599,0.11666666666666665,-0.15,0.08333333333333333,-0.13666666666666671,0.06666666666666667,0.14999999999999997,-0.11666666666666665,0.0,0.0,0.0,0.0,0.0,0.0,0.0
2.59,0.30216666666666664,-0.3885,0.21583333333333332,-1.7939666666666667,0.17266666666666666,1.8885,0.5978333333333334,0.11666666666666665,-0.15,0.08333333333333333,-0.13666666666666671,0.06666666666666667,0.14999999999999997,-0.11666666666666665,0.0,0.0,0.0,0.0,0.0,0.0,0.0
2.6,0.30333333333333334,-0.39,0.21666666666666667,-1.7953333333333334,0.17333333333333334,1.89,0.5966666666666667,0.11666666666666665,-0.15,0.08333333333333333,-0.13666666666666671,0.06666666666666667,0.14999999999999997,-0.11666666666666665,0.0,0.0,0.0,0.0,0.0,0.0,0.0
2.61,0.3045,-0.3915,0.2175,-1.7967,0.17400000000000002,1.8915,0.5955,0.11666666666666665,-0.15,0.08333333333333333,-0.13666666666666671,0.06666666666666667,0.14999999999999997,-0.11666666666666665,0.0,0.0,0.0,0.0,0.0,0.0,0.0
2.62,0.3056666666666667,-0.393,0.21833333333333335,-1.7980666666666667,0.1746666666666667,1.893,0.5943333333333334,0.11666666666666665,-0.15,0.08333333333333333,-0.13666666666666671,0.06666666666666667,0.14999999999999997,-0.11666666666666665,0.0,0.0,0.0,0.0,0.0,0.0,0.0
2.63,0.3068333333333333,-0.39449999999999996,0.21916666666666665,-1.7994333333333334,0.17533333333333334,1.8944999999999999,0.5931666666666667,0.11666666666666665,-0.15,0.08333333333333333,-0.13666666666666671,0.06666666666666667,0.14999999999999997,-0.11666666666666665,0.0,0.0,0.0,0.0,0.0,0.0,0.0
2.64,0.308,-0.396,0.22,-1.8008000000000002,0.17600000000000002,1.896,0.5920000000000001,0.11666666666666665,-0.15,0.08333333333333333,-0.13666666666666671,0.06666666666666667,0.14999999999999997,-0.11666666666666665,0.0,0.0,0.0,0.0,0.0,0.0,0.0
2.65,0.30916666666666665,-0.3975,0.22083333333333333,-1.8021666666666667,0.17666666666666667,1.8975,0.5908333333333333,0.11666666666666665,-0.15,0.08333333333333333,-0.13666666666666671,0.06666666666666667,0.14999999999999997,-0.11666666666666665,0.0,0.0,0.0,0.0,0.0,0.0,0.0
2.66,0.31033333333333335,-0.399,0.22166666666666668,-1.8035333333333334,0.17733333333333334,1.899,0.5896666666666667,0.11666666666666665,-0.15,0.08333333333333333,-0.13666666666666671,0.06666666666666667,0.14999999999999997,-0.11666666666666665,0.0,0.0,0.0,0.0,0.0,0.0,0.0
2.67,0.3115,-0.4005,0.2225,-1.8049,0.17800000000000002,1.9005,0.5885,0.11666666666666665,-0.15,0.08333333333333333,-0.13666666666666671,0.06666666666666667,0.14999999999999997,-0.11666666666666665,0.0,0.0,0.0,0.0,0.0,0.0,0.0
2.68,0.3126666666666667,-0.402,0.22333333333333336,-1.8062666666666667,0.1786666666666667,1.9020000000000001,0.5873333333333333,0.11666666666666665,-0.15,0.08333333333333333,-0.13666666666666671,0.06666666666666667,0.14999999999999997,-0.11666666666666665,0.0,0.0,0.0,0.0,0.0,0.0,0.0
2.69,0.3138333333333333,-0.40349999999999997,0.22416666666666665,-1.8076333333333334,0.17933333333333334,1.9035,0.5861666666666667,0.11666666666666665,-0.15,0.08333333333333333,-0.13666666666666671,0.06666666666666667,0.14999999999999997,-0.11666666666666665,0.0,0.0,0.0,0.0,0.0,0.0,0.0
2.7,0.315,-0.405,0.225,-1.8090000000000002,0.18000000000000002,1.905,0.585,0.11666666666666665,-0.15,0.08333333333333333,-0.13666666666666671,0.06666666666666667,0.14999999999999997,-0.11666666666666665,0.0,0.0,0.0,0.0,0.0,0.0,0.0
2.71,0.31616666666666665,-0.40650000000000003,0.22583333333333333,-1.8103666666666667,0.18066666666666667,1.9064999999999999,0.5838333333333334,0.11666666666666665,-0.15,0.08333333333333333,-0.13666666666666671,0.06666666666666667,0.14999999999999997,-0.11666666666666665,0.0,0.0,0.0,0.0,0.0,0.0,0.0
2.72,0.31733333333333336,-0.40800000000000003,0.22666666666666668,-1.8117333333333334,0.18133333333333335,1.908,0.5826666666666667,0.11666666666666665,-0.15,0.08333333333333333,-0.13666666666666671,0.06666666666666667,0.14999999999999997,-0.11666666666666665,0.0,0.0,0.0,0.0,0.0,0.0,0.0
2.73,0.3185,-0.40950000000000003,0.2275,-1.8131000000000002,0.18200000000000002,1.9095,0.5815,0.11666666666666665,-0.15,0.08333333333333333,-0.13666666666666671,0.06666666666666667,0.14999999999999997,-0.11666666666666665,0.0,0.0,0.0,0.0,0.0,0.0,0.0
2.74,0.3196666666666667,-0.41100000000000003,0.22833333333333336,-1.8144666666666667,0.1826666666666667,1.911,0.5803333333333334,0.11666666666666665,-0.15,0.08333333333333333,-0.13666666666666671,0.06666666666666667,0.14999999999999997,-0.11666666666666665,0.0,0.0,0.0,0.0,0.0,0.0,0.0
2.75,0.3208333333333333,-0.4125,0.22916666666666666,-1.8158333333333334,0.18333333333333335,1.9124999999999999,0.5791666666666667,0.11666666666666665,-0.15,0.08333333333333333,-0.13666666666666671,0.06666666666666667,0.14999999999999997,-0.11666666666666665,0.0,0.0,0.0,0.0,0.0,0.0,0.0
2.7600000000000002,0.322,-0.41400000000000003,0.23,-1.8172000000000001,0.18400000000000002,1.914,0.5780000000000001,0.11666666666666665,-0.15,0.08333333333333333,-0.13666666666666671,0.06666666666666667,0.14999999999999997,-0.11666666666666665,0.0,0.0,0.0,0.0,0.0,0.0,0.0
2.77,0.32316666666666666,-0.41550000000000004,0.23083333333333333,-1.8185666666666667,0.18466666666666667,1.9155,0.5768333333333333,0.11666666666666665,-0.15,0.08333333333333333,-0.13666666666666671,0.06666666666666667,0.14999999999999997,-0.11666666666666665,0.0,0.0,0.0,0.0,0.0,0.0,0.0
2.7800000000000002,0.32433333333333336,-0.41700000000000004,0.2316666666666667,-1.8199333333333334,0.18533333333333335,1.917,0.5756666666666667,0.11666666666666665,-0.15,0.08333333333333333,-0.13666666666666671,0.06666666666666667,0.14999999999999997,-0.11666666666666665,0.0,0.0,0.0,0.0,0.0,0.0,0.0
2.79,0.3255,-0.41850000000000004,0.2325,-1.8213000000000001,0.18600000000000003,1.9184999999999999,0.5745,0.11666666666666665,-0.15,0.08333333333333333,-0.13666666666666671,0.06666666666666667,0.14999999999999997,-0.11666666666666665,0.0,0.0,0.0,0.0,0.0,0.0,0.0
2.8000000000000003,0.3266666666666667,-0.42000000000000004,0.23333333333333336,-1.8226666666666669,0.1866666666666667,1.92,0.5733333333333333,0.11666666666666665,-0.15,0.08333333333333333,-0.13666666666666671,0.06666666666666667,0.14999999999999997,-0.11666666666666665,0.0,0.0,0.0,0.0,0.0,0.0,0.0
2.81,0.3278333333333333,-0.4215,0.23416666666666666,-1.8240333333333334,0.18733333333333335,1.9215,0.5721666666666667,0.11666666666666665,-0.15,0.08333333333333333,-0.13666666666666671,0.06666666666666667,0.14999999999999997,-0.11666666666666665,0.0,0.0,0.0,0.0,0.0,0.0,0.0
2.82,0.32899999999999996,-0.423,0.235,-1.8254000000000001,0.188,1.923,0.5710000000000001,0.11666666666666665,-0.15,0.08333333333333333,-0.13666666666666671,0.06666666666666667,0.14999999999999997,-0.11666666666666665,0.0,0.0,0.0,0.0,0.0,0.0,0.0
2.83,0.33016666666666666,-0.42450000000000004,0.23583333333333334,-1.8267666666666669,0.18866666666666668,1.9245,0.5698333333333334,0.11666666666666665,-0.15,0.08333333333333333,-0.13666666666666671,0.06666666666666667,0.14999999999999997,-0.11666666666666665,0.0,0.0,0.0,0.0,0.0,0.0,0.0
2.84,0.3313333333333333,-0.426,0.23666666666666666,-1.8281333333333334,0.18933333333333335,1.926,0.5686666666666667,0.11666666666666665,-0.15,0.08333333333333333,-0.13666666666666671,0.06666666666666667,0.14999999999999997,-0.11666666666666665,0.0,0.0,0.0,0.0,0.0,0.0,0.0
2.85,0.3325,-0.42750000000000005,0.23750000000000002,-1.8295000000000001,0.19000000000000003,1.9275,0.5675,0.11666666666666665,-0.15,0.08333333333333333,-0.13666666666666671,0.06666666666666667,0.14999999999999997,-0.11666666666666665,0.0,0.0,0.0,0.0,0.0,0.0,0.0
2.86,0.3336666666666666,-0.429,0.2383333333333333,-1.8308666666666666,0.19066666666666665,1.9289999999999998,0.5663333333333334,0.11666666666666665,-0.15,0.08333333333333333,-0.13666666666666671,0.06666666666666667,0.14999999999999997,-0.11666666666666665,0.0,0.0,0.0,0.0,0.0,0.0,0.0
2.87,0.3348333333333333,-0.4305,0.23916666666666667,-1.8322333333333334,0.19133333333333336,1.9304999999999999,0.5651666666666667,0.11666666666666665,-0.15,0.08333333333333333,-0.13666666666666671,0.06666666666666667,0.14999999999999997,-0.11666666666666665,0.0,0.0,0.0,0.0,0.0,0.0,0.0
2.88,0.33599999999999997,-0.432,0.24,-1.8336000000000001,0.192,1.932,0.5640000000000001,0.11666666666666665,-0.15,0.08333333333333333,-0.13666666666666671,0.06666666666666667,0.14999999999999997,-0.11666666666666665,0.0,0.0,0.0,0.0,0.0,0.0,0.0
2.89,0.33716666666666667,-0.43350000000000005,0.24083333333333334,-1.8349666666666669,0.19266666666666668,1.9335,0.5628333333333333,0.11666666666666665,-0.15,0.08333333333333333,-0.13666666666666671,0.06666666666666667,0.14999999999999997,-0.11666666666666665,0.0,0.0,0.0,0.0,0.0,0.0,0.0
2.9,0.3383333333333333,-0.435,0.24166666666666667,-1.8363333333333334,0.19333333333333336,1.935,0.5616666666666668,0.11666666666666665,-0.15,0.08333333333333333,-0.13666666666666671,0.06666666666666667,0.14999999999999997,-0.11666666666666665,0.0,0.0,0.0,0.0,0.0,0.0,0.0
2.91,0.3395,-0.43650000000000005,0.24250000000000002,-1.8377000000000001,0.19400000000000003,1.9365,0.5605,0.11666666666666665,-0.15,0.08333333333333333,-0.13666666666666671,0.06666666666666667,0.14999999999999997,-0.11666666666666665,0.0,0.0,0.0,0.0,0.0,0.0,0.0
2.92,0.3406666666666666,-0.438,0.24333333333333332,-1.8390666666666666,0.19466666666666665,1.938,0.5593333333333335,0.11666666666666665,-0.15,0.08333333333333333,-0.13666666666666671,0.06666666666666667,0.14999999999999997,-0.11666666666666665,0.0,0.0,0.0,0.0,0.0,0.0,0.0
2.93,0.3418333333333333,-0.4395,0.24416666666666667,-1.8404333333333334,0.19533333333333336,1.9395,0.5581666666666667,0.11666666666666665,-0.15,0.08333333333333333,-0.13666666666666671,0.06666666666666667,0.14999999999999997,-0.11666666666666665,0.0,0.0,0.0,0.0,0.0,0.0,0.0
2.94,0.34299999999999997,-0.441,0.245,-1.8418,0.196,1.9409999999999998,0.557,0.11666666666666665,-0.15,0.08333333333333333,-0.13666666666666671,0.06666666666666667,0.14999999999999997,-0.11666666666666665,0.0,0.0,0.0,0.0,0.0,0.0,0.0
2.95,0.3441666666666667,-0.44250000000000006,0.24583333333333335,-1.8431666666666668,0.19666666666666668,1.9425,0.5558333333333334,0.11666666666666665,-0.15,0.08333333333333333,-0.13666666666666671,0.06666666666666667,0.14999999999999997,-0.11666666666666665,0.0,0.0,0.0,0.0,0.0,0.0,0.0
2.96,0.3453333333333333,-0.444,0.24666666666666667,-1.8445333333333334,0.19733333333333336,1.944,0.5546666666666666,0.11666666666666665,-0.15,0.08333333333333333,-0.13666666666666671,0.06666666666666667,0.14999999999999997,-0.11666666666666665,0.0,0.0,0.0,0.0,0.0,0.0,0.0
2.97,0.34650000000000003,-0.44550000000000006,0.24750000000000003,-1.8459,0.19800000000000004,1.9455,0.5535,0.11666666666666665,-0.15,0.08333333333333333,-0.13666666666666671,0.06666666666666667,0.14999999999999997,-0.11666666666666665,0.0,0.0,0.0,0.0,0.0,0.0,0.0
2.98,0.3476666666666666,-0.447,0.24833333333333332,-1.8472666666666666,0.19866666666666666,1.947,0.5523333333333333,0.11666666666666665,-0.15,0.08333333333333333,-0.13666666666666671,0.06666666666666667,0.14999999999999997,-0.11666666666666665,0.0,0.0,0.0,0.0,0.0,0.0,0.0
2.99,0.34883333333333333,-0.4485,0.24916666666666668,-1.8486333333333334,0.19933333333333336,1.9485,0.5511666666666667,0.11666666666666665,-0.15,0.08333333333333333,-0.13666666666666671,0.06666666666666667,0.14999999999999997,-0.11666666666666665,0.0,0.0,0.0,0.0,0.0,0.0,0.0
3.0,0.35,-0.45,0.25,-1.85,0.2,1.95,0.55,0.11666666666666665,-0.15,0.08333333333333333,-0.13666666666666671,0.06666666666666667,0.14999999999999997,-0.11666666666666665,0.0,0.0,0.0,0.0,0.0,0.0,0.0
